--------------------------------------------------------
--  File created - Segunda-feira-Abril-07-2025   
--------------------------------------------------------
--------------------------------------------------------
--  DDL for Table ARMAZEM
--------------------------------------------------------

  CREATE TABLE "AABDG07"."ARMAZEM" 
   (	"ID_ARMAZEM" NUMBER(*,0), 
	"NOME" VARCHAR2(256 BYTE), 
	"CAPACIDADE_TOTAL" NUMBER(*,0), 
	"LATITUDE" FLOAT(8), 
	"LONGITUDE" FLOAT(8)
   ) SEGMENT CREATION IMMEDIATE 
  PCTFREE 10 PCTUSED 40 INITRANS 1 MAXTRANS 255 NOCOMPRESS LOGGING
  STORAGE(INITIAL 65536 NEXT 1048576 MINEXTENTS 1 MAXEXTENTS 2147483645
  PCTINCREASE 0 FREELISTS 1 FREELIST GROUPS 1 BUFFER_POOL DEFAULT FLASH_CACHE DEFAULT CELL_FLASH_CACHE DEFAULT)
  TABLESPACE "USERS" ;
--------------------------------------------------------
--  DDL for Table COMP_VENDA
--------------------------------------------------------

  CREATE TABLE "AABDG07"."COMP_VENDA" 
   (	"ID_COMP" NUMBER(*,0), 
	"ID_VENDA" NUMBER(*,0)
   ) SEGMENT CREATION IMMEDIATE 
  PCTFREE 10 PCTUSED 40 INITRANS 1 MAXTRANS 255 NOCOMPRESS LOGGING
  STORAGE(INITIAL 65536 NEXT 1048576 MINEXTENTS 1 MAXEXTENTS 2147483645
  PCTINCREASE 0 FREELISTS 1 FREELIST GROUPS 1 BUFFER_POOL DEFAULT FLASH_CACHE DEFAULT CELL_FLASH_CACHE DEFAULT)
  TABLESPACE "USERS" ;
--------------------------------------------------------
--  DDL for Table COMPARTIMENTO
--------------------------------------------------------

  CREATE TABLE "AABDG07"."COMPARTIMENTO" 
   (	"ID_COMP" NUMBER(*,0), 
	"COD_COMP" VARCHAR2(512 BYTE), 
	"PRECO" FLOAT(8), 
	"QTD_MAX" NUMBER(*,0), 
	"QTD_MIN" NUMBER(*,0), 
	"QTD_ATUAL" NUMBER(*,0), 
	"ESTADO" VARCHAR2(512 BYTE), 
	"ID_HIST_CONFIG" NUMBER(*,0), 
	"ID_REAB" NUMBER(*,0), 
	"ID_PRODUTO" NUMBER(*,0)
   ) SEGMENT CREATION IMMEDIATE 
  PCTFREE 10 PCTUSED 40 INITRANS 1 MAXTRANS 255 NOCOMPRESS LOGGING
  STORAGE(INITIAL 65536 NEXT 1048576 MINEXTENTS 1 MAXEXTENTS 2147483645
  PCTINCREASE 0 FREELISTS 1 FREELIST GROUPS 1 BUFFER_POOL DEFAULT FLASH_CACHE DEFAULT CELL_FLASH_CACHE DEFAULT)
  TABLESPACE "USERS" ;
--------------------------------------------------------
--  DDL for Table EMPRESA
--------------------------------------------------------

  CREATE TABLE "AABDG07"."EMPRESA" 
   (	"ID_EMPRESA" NUMBER(*,0), 
	"NOME" VARCHAR2(512 BYTE), 
	"CONTACTO" VARCHAR2(512 BYTE)
   ) SEGMENT CREATION IMMEDIATE 
  PCTFREE 10 PCTUSED 40 INITRANS 1 MAXTRANS 255 NOCOMPRESS LOGGING
  STORAGE(INITIAL 65536 NEXT 1048576 MINEXTENTS 1 MAXEXTENTS 2147483645
  PCTINCREASE 0 FREELISTS 1 FREELIST GROUPS 1 BUFFER_POOL DEFAULT FLASH_CACHE DEFAULT CELL_FLASH_CACHE DEFAULT)
  TABLESPACE "USERS" ;
--------------------------------------------------------
--  DDL for Table ENCOMENDA
--------------------------------------------------------

  CREATE TABLE "AABDG07"."ENCOMENDA" 
   (	"ID_ENCOMENDA" NUMBER(*,0), 
	"QUANTIDADE" NUMBER(*,0), 
	"DATA_ENCOMENDA" DATE
   ) SEGMENT CREATION IMMEDIATE 
  PCTFREE 10 PCTUSED 40 INITRANS 1 MAXTRANS 255 NOCOMPRESS LOGGING
  STORAGE(INITIAL 65536 NEXT 1048576 MINEXTENTS 1 MAXEXTENTS 2147483645
  PCTINCREASE 0 FREELISTS 1 FREELIST GROUPS 1 BUFFER_POOL DEFAULT FLASH_CACHE DEFAULT CELL_FLASH_CACHE DEFAULT)
  TABLESPACE "USERS" ;
--------------------------------------------------------
--  DDL for Table ENCOMENDA_ARMAZEM
--------------------------------------------------------

  CREATE TABLE "AABDG07"."ENCOMENDA_ARMAZEM" 
   (	"ID_ENCOMENDA" NUMBER(*,0), 
	"ID_ARMAZEM" NUMBER(*,0)
   ) SEGMENT CREATION IMMEDIATE 
  PCTFREE 10 PCTUSED 40 INITRANS 1 MAXTRANS 255 NOCOMPRESS LOGGING
  STORAGE(INITIAL 65536 NEXT 1048576 MINEXTENTS 1 MAXEXTENTS 2147483645
  PCTINCREASE 0 FREELISTS 1 FREELIST GROUPS 1 BUFFER_POOL DEFAULT FLASH_CACHE DEFAULT CELL_FLASH_CACHE DEFAULT)
  TABLESPACE "USERS" ;
--------------------------------------------------------
--  DDL for Table ENCOMENDA_PRODUTO
--------------------------------------------------------

  CREATE TABLE "AABDG07"."ENCOMENDA_PRODUTO" 
   (	"ID_ENCOMENDA" NUMBER(*,0), 
	"ID_PRODUTO" NUMBER(*,0)
   ) SEGMENT CREATION IMMEDIATE 
  PCTFREE 10 PCTUSED 40 INITRANS 1 MAXTRANS 255 NOCOMPRESS LOGGING
  STORAGE(INITIAL 65536 NEXT 1048576 MINEXTENTS 1 MAXEXTENTS 2147483645
  PCTINCREASE 0 FREELISTS 1 FREELIST GROUPS 1 BUFFER_POOL DEFAULT FLASH_CACHE DEFAULT CELL_FLASH_CACHE DEFAULT)
  TABLESPACE "USERS" ;
--------------------------------------------------------
--  DDL for Table ESTADO_MAQUINA
--------------------------------------------------------

  CREATE TABLE "AABDG07"."ESTADO_MAQUINA" 
   (	"ID_ESTADO" NUMBER(*,0), 
	"ESTADO" VARCHAR2(512 BYTE), 
	"DATA_HORA" DATE
   ) SEGMENT CREATION IMMEDIATE 
  PCTFREE 10 PCTUSED 40 INITRANS 1 MAXTRANS 255 NOCOMPRESS LOGGING
  STORAGE(INITIAL 65536 NEXT 1048576 MINEXTENTS 1 MAXEXTENTS 2147483645
  PCTINCREASE 0 FREELISTS 1 FREELIST GROUPS 1 BUFFER_POOL DEFAULT FLASH_CACHE DEFAULT CELL_FLASH_CACHE DEFAULT)
  TABLESPACE "USERS" ;
--------------------------------------------------------
--  DDL for Table EVENTO_MAQUINA
--------------------------------------------------------

  CREATE TABLE "AABDG07"."EVENTO_MAQUINA" 
   (	"ID_EVENTO" NUMBER(*,0), 
	"TIPO_EVENTO" VARCHAR2(512 BYTE), 
	"DATA_HORA" DATE
   ) SEGMENT CREATION IMMEDIATE 
  PCTFREE 10 PCTUSED 40 INITRANS 1 MAXTRANS 255 NOCOMPRESS LOGGING
  STORAGE(INITIAL 65536 NEXT 1048576 MINEXTENTS 1 MAXEXTENTS 2147483645
  PCTINCREASE 0 FREELISTS 1 FREELIST GROUPS 1 BUFFER_POOL DEFAULT FLASH_CACHE DEFAULT CELL_FLASH_CACHE DEFAULT)
  TABLESPACE "USERS" ;
--------------------------------------------------------
--  DDL for Table FUNCIONARIO
--------------------------------------------------------

  CREATE TABLE "AABDG07"."FUNCIONARIO" 
   (	"ID_FUNCIONARIO" NUMBER(*,0), 
	"NOME" VARCHAR2(512 BYTE), 
	"CONTACTO_FUNC" VARCHAR2(512 BYTE)
   ) SEGMENT CREATION IMMEDIATE 
  PCTFREE 10 PCTUSED 40 INITRANS 1 MAXTRANS 255 NOCOMPRESS LOGGING
  STORAGE(INITIAL 65536 NEXT 1048576 MINEXTENTS 1 MAXEXTENTS 2147483645
  PCTINCREASE 0 FREELISTS 1 FREELIST GROUPS 1 BUFFER_POOL DEFAULT FLASH_CACHE DEFAULT CELL_FLASH_CACHE DEFAULT)
  TABLESPACE "USERS" ;
--------------------------------------------------------
--  DDL for Table HIST_CONFCOMP_PROD
--------------------------------------------------------

  CREATE TABLE "AABDG07"."HIST_CONFCOMP_PROD" 
   (	"ID_HIST" NUMBER(*,0), 
	"ID_PRODUTO" NUMBER(*,0)
   ) SEGMENT CREATION IMMEDIATE 
  PCTFREE 10 PCTUSED 40 INITRANS 1 MAXTRANS 255 NOCOMPRESS LOGGING
  STORAGE(INITIAL 65536 NEXT 1048576 MINEXTENTS 1 MAXEXTENTS 2147483645
  PCTINCREASE 0 FREELISTS 1 FREELIST GROUPS 1 BUFFER_POOL DEFAULT FLASH_CACHE DEFAULT CELL_FLASH_CACHE DEFAULT)
  TABLESPACE "USERS" ;
--------------------------------------------------------
--  DDL for Table HISTORICO_CONFIG_COMP
--------------------------------------------------------

  CREATE TABLE "AABDG07"."HISTORICO_CONFIG_COMP" 
   (	"ID_HIST" NUMBER(*,0), 
	"PRECO" FLOAT(8), 
	"DATA_INICIO" DATE, 
	"DATA_FIM" DATE
   ) SEGMENT CREATION IMMEDIATE 
  PCTFREE 10 PCTUSED 40 INITRANS 1 MAXTRANS 255 NOCOMPRESS LOGGING
  STORAGE(INITIAL 65536 NEXT 1048576 MINEXTENTS 1 MAXEXTENTS 2147483645
  PCTINCREASE 0 FREELISTS 1 FREELIST GROUPS 1 BUFFER_POOL DEFAULT FLASH_CACHE DEFAULT CELL_FLASH_CACHE DEFAULT)
  TABLESPACE "USERS" ;
--------------------------------------------------------
--  DDL for Table MANUT_FUNC
--------------------------------------------------------

  CREATE TABLE "AABDG07"."MANUT_FUNC" 
   (	"ID_MANUTENCAO" NUMBER(*,0), 
	"ID_FUNC" NUMBER(*,0)
   ) SEGMENT CREATION IMMEDIATE 
  PCTFREE 10 PCTUSED 40 INITRANS 1 MAXTRANS 255 NOCOMPRESS LOGGING
  STORAGE(INITIAL 65536 NEXT 1048576 MINEXTENTS 1 MAXEXTENTS 2147483645
  PCTINCREASE 0 FREELISTS 1 FREELIST GROUPS 1 BUFFER_POOL DEFAULT FLASH_CACHE DEFAULT CELL_FLASH_CACHE DEFAULT)
  TABLESPACE "USERS" ;
--------------------------------------------------------
--  DDL for Table MANUTENCAO
--------------------------------------------------------

  CREATE TABLE "AABDG07"."MANUTENCAO" 
   (	"ID_MANUTENCAO" NUMBER(*,0), 
	"DATA_HORA" DATE, 
	"ESTADO" VARCHAR2(512 BYTE)
   ) SEGMENT CREATION IMMEDIATE 
  PCTFREE 10 PCTUSED 40 INITRANS 1 MAXTRANS 255 NOCOMPRESS LOGGING
  STORAGE(INITIAL 65536 NEXT 1048576 MINEXTENTS 1 MAXEXTENTS 2147483645
  PCTINCREASE 0 FREELISTS 1 FREELIST GROUPS 1 BUFFER_POOL DEFAULT FLASH_CACHE DEFAULT CELL_FLASH_CACHE DEFAULT)
  TABLESPACE "USERS" ;
--------------------------------------------------------
--  DDL for Table MAQUINA
--------------------------------------------------------

  CREATE TABLE "AABDG07"."MAQUINA" 
   (	"ID_MAQUINA" NUMBER(*,0), 
	"LATITUDE" FLOAT(8), 
	"LONGITUDE" FLOAT(8), 
	"ULTIMA_ATUALIZACAO" DATE, 
	"ULTIMA_VENDA" DATE, 
	"ID_VISITA" NUMBER(*,0), 
	"ID_EVENTO" NUMBER(*,0), 
	"ID_ESTADO" NUMBER(*,0), 
	"ID_MANUTENCAO" NUMBER(*,0), 
	"ID_EMPRESA" NUMBER(*,0), 
	"CIDADE" VARCHAR2(100 BYTE)
   ) SEGMENT CREATION IMMEDIATE 
  PCTFREE 10 PCTUSED 40 INITRANS 1 MAXTRANS 255 NOCOMPRESS LOGGING
  STORAGE(INITIAL 65536 NEXT 1048576 MINEXTENTS 1 MAXEXTENTS 2147483645
  PCTINCREASE 0 FREELISTS 1 FREELIST GROUPS 1 BUFFER_POOL DEFAULT FLASH_CACHE DEFAULT CELL_FLASH_CACHE DEFAULT)
  TABLESPACE "USERS" ;
--------------------------------------------------------
--  DDL for Table MAQUINA_COMP
--------------------------------------------------------

  CREATE TABLE "AABDG07"."MAQUINA_COMP" 
   (	"ID_MAQUINA" NUMBER(*,0), 
	"ID_COMP" NUMBER(*,0)
   ) SEGMENT CREATION IMMEDIATE 
  PCTFREE 10 PCTUSED 40 INITRANS 1 MAXTRANS 255 NOCOMPRESS LOGGING
  STORAGE(INITIAL 65536 NEXT 1048576 MINEXTENTS 1 MAXEXTENTS 2147483645
  PCTINCREASE 0 FREELISTS 1 FREELIST GROUPS 1 BUFFER_POOL DEFAULT FLASH_CACHE DEFAULT CELL_FLASH_CACHE DEFAULT)
  TABLESPACE "USERS" ;
--------------------------------------------------------
--  DDL for Table MAQUINA_ESTADO
--------------------------------------------------------

  CREATE TABLE "AABDG07"."MAQUINA_ESTADO" 
   (	"ID_MAQUINA" NUMBER(*,0), 
	"ID_ESTADO" NUMBER(*,0), 
	"DATA_HORA" DATE, 
	"ESTADO" VARCHAR2(30 BYTE)
   ) SEGMENT CREATION IMMEDIATE 
  PCTFREE 10 PCTUSED 40 INITRANS 1 MAXTRANS 255 NOCOMPRESS LOGGING
  STORAGE(INITIAL 65536 NEXT 1048576 MINEXTENTS 1 MAXEXTENTS 2147483645
  PCTINCREASE 0 FREELISTS 1 FREELIST GROUPS 1 BUFFER_POOL DEFAULT FLASH_CACHE DEFAULT CELL_FLASH_CACHE DEFAULT)
  TABLESPACE "USERS" ;
--------------------------------------------------------
--  DDL for Table PRODUTO
--------------------------------------------------------

  CREATE TABLE "AABDG07"."PRODUTO" 
   (	"ID_PRODUTO" NUMBER(*,0), 
	"NOME" VARCHAR2(512 BYTE), 
	"TIPO_PRODUTO" VARCHAR2(512 BYTE)
   ) SEGMENT CREATION IMMEDIATE 
  PCTFREE 10 PCTUSED 40 INITRANS 1 MAXTRANS 255 NOCOMPRESS LOGGING
  STORAGE(INITIAL 65536 NEXT 1048576 MINEXTENTS 1 MAXEXTENTS 2147483645
  PCTINCREASE 0 FREELISTS 1 FREELIST GROUPS 1 BUFFER_POOL DEFAULT FLASH_CACHE DEFAULT CELL_FLASH_CACHE DEFAULT)
  TABLESPACE "USERS" ;
--------------------------------------------------------
--  DDL for Table PRODUTO_VIAGEM
--------------------------------------------------------

  CREATE TABLE "AABDG07"."PRODUTO_VIAGEM" 
   (	"ID_VIAGEM" NUMBER(*,0), 
	"ID_PRODUTO" NUMBER(*,0), 
	"QTD_INICIAL" NUMBER(*,0), 
	"QTD_ATUAL" NUMBER(*,0), 
	"ID_ARMAZEM" NUMBER(*,0)
   ) SEGMENT CREATION IMMEDIATE 
  PCTFREE 10 PCTUSED 40 INITRANS 1 MAXTRANS 255 NOCOMPRESS LOGGING
  STORAGE(INITIAL 65536 NEXT 1048576 MINEXTENTS 1 MAXEXTENTS 2147483645
  PCTINCREASE 0 FREELISTS 1 FREELIST GROUPS 1 BUFFER_POOL DEFAULT FLASH_CACHE DEFAULT CELL_FLASH_CACHE DEFAULT)
  TABLESPACE "USERS" ;
--------------------------------------------------------
--  DDL for Table REABASTECIMENTO
--------------------------------------------------------

  CREATE TABLE "AABDG07"."REABASTECIMENTO" 
   (	"ID_REAB" NUMBER(*,0), 
	"DATA_HORA" DATE, 
	"QTD_ABASTECIMENTO" NUMBER(*,0)
   ) SEGMENT CREATION IMMEDIATE 
  PCTFREE 10 PCTUSED 40 INITRANS 1 MAXTRANS 255 NOCOMPRESS LOGGING
  STORAGE(INITIAL 65536 NEXT 1048576 MINEXTENTS 1 MAXEXTENTS 2147483645
  PCTINCREASE 0 FREELISTS 1 FREELIST GROUPS 1 BUFFER_POOL DEFAULT FLASH_CACHE DEFAULT CELL_FLASH_CACHE DEFAULT)
  TABLESPACE "USERS" ;
--------------------------------------------------------
--  DDL for Table ROTA
--------------------------------------------------------

  CREATE TABLE "AABDG07"."ROTA" 
   (	"ID_ROTA" NUMBER(*,0), 
	"NOME" VARCHAR2(512 BYTE), 
	"ID_ARMA_PARTIDA" NUMBER(*,0), 
	"ID_ARMA_DESTINO" NUMBER(*,0)
   ) SEGMENT CREATION IMMEDIATE 
  PCTFREE 10 PCTUSED 40 INITRANS 1 MAXTRANS 255 NOCOMPRESS LOGGING
  STORAGE(INITIAL 65536 NEXT 1048576 MINEXTENTS 1 MAXEXTENTS 2147483645
  PCTINCREASE 0 FREELISTS 1 FREELIST GROUPS 1 BUFFER_POOL DEFAULT FLASH_CACHE DEFAULT CELL_FLASH_CACHE DEFAULT)
  TABLESPACE "USERS" ;
--------------------------------------------------------
--  DDL for Table ROTA_MAQUINA
--------------------------------------------------------

  CREATE TABLE "AABDG07"."ROTA_MAQUINA" 
   (	"ID_ROTA" NUMBER(*,0), 
	"ID_MAQUINA" NUMBER(*,0), 
	"ORDEM" NUMBER(*,0)
   ) SEGMENT CREATION IMMEDIATE 
  PCTFREE 10 PCTUSED 40 INITRANS 1 MAXTRANS 255 NOCOMPRESS LOGGING
  STORAGE(INITIAL 65536 NEXT 1048576 MINEXTENTS 1 MAXEXTENTS 2147483645
  PCTINCREASE 0 FREELISTS 1 FREELIST GROUPS 1 BUFFER_POOL DEFAULT FLASH_CACHE DEFAULT CELL_FLASH_CACHE DEFAULT)
  TABLESPACE "USERS" ;
--------------------------------------------------------
--  DDL for Table ROTA_VIAG
--------------------------------------------------------

  CREATE TABLE "AABDG07"."ROTA_VIAG" 
   (	"ID_ROTA" NUMBER(*,0), 
	"ID_VIAGEM" NUMBER(*,0)
   ) SEGMENT CREATION IMMEDIATE 
  PCTFREE 10 PCTUSED 40 INITRANS 1 MAXTRANS 255 NOCOMPRESS LOGGING
  STORAGE(INITIAL 65536 NEXT 1048576 MINEXTENTS 1 MAXEXTENTS 2147483645
  PCTINCREASE 0 FREELISTS 1 FREELIST GROUPS 1 BUFFER_POOL DEFAULT FLASH_CACHE DEFAULT CELL_FLASH_CACHE DEFAULT)
  TABLESPACE "USERS" ;
--------------------------------------------------------
--  DDL for Table STOCK_ARMAZEM
--------------------------------------------------------

  CREATE TABLE "AABDG07"."STOCK_ARMAZEM" 
   (	"ID_STOCK" NUMBER(*,0), 
	"QUANTIDADE_DISPONIVEL" NUMBER(*,0), 
	"DATA_REGISTO" DATE, 
	"ID_ARMAZEM" NUMBER(*,0), 
	"ID_PRODUTO" NUMBER(*,0)
   ) SEGMENT CREATION IMMEDIATE 
  PCTFREE 10 PCTUSED 40 INITRANS 1 MAXTRANS 255 NOCOMPRESS LOGGING
  STORAGE(INITIAL 65536 NEXT 1048576 MINEXTENTS 1 MAXEXTENTS 2147483645
  PCTINCREASE 0 FREELISTS 1 FREELIST GROUPS 1 BUFFER_POOL DEFAULT FLASH_CACHE DEFAULT CELL_FLASH_CACHE DEFAULT)
  TABLESPACE "USERS" ;
--------------------------------------------------------
--  DDL for Table VEICULO
--------------------------------------------------------

  CREATE TABLE "AABDG07"."VEICULO" 
   (	"ID_VEICULO" NUMBER(*,0), 
	"CAPACIDADE_MAXIMA" NUMBER(*,0), 
	"AUTONOMIA_KM" NUMBER(*,0), 
	"DISPONIVEL" VARCHAR2(3 BYTE), 
	"ID_VIAGEM" NUMBER(*,0), 
	"ID_ARMAZEM" NUMBER(*,0)
   ) SEGMENT CREATION IMMEDIATE 
  PCTFREE 10 PCTUSED 40 INITRANS 1 MAXTRANS 255 NOCOMPRESS LOGGING
  STORAGE(INITIAL 65536 NEXT 1048576 MINEXTENTS 1 MAXEXTENTS 2147483645
  PCTINCREASE 0 FREELISTS 1 FREELIST GROUPS 1 BUFFER_POOL DEFAULT FLASH_CACHE DEFAULT CELL_FLASH_CACHE DEFAULT)
  TABLESPACE "USERS" ;
--------------------------------------------------------
--  DDL for Table VENDA
--------------------------------------------------------

  CREATE TABLE "AABDG07"."VENDA" 
   (	"ID_VENDA" NUMBER(*,0), 
	"DATA_HORA" DATE, 
	"QUANTIDADE" NUMBER(*,0), 
	"METODO_PAGAMENTO" VARCHAR2(512 BYTE), 
	"ID_MAQUINA" NUMBER(*,0)
   ) SEGMENT CREATION IMMEDIATE 
  PCTFREE 10 PCTUSED 40 INITRANS 1 MAXTRANS 255 NOCOMPRESS LOGGING
  STORAGE(INITIAL 65536 NEXT 1048576 MINEXTENTS 1 MAXEXTENTS 2147483645
  PCTINCREASE 0 FREELISTS 1 FREELIST GROUPS 1 BUFFER_POOL DEFAULT FLASH_CACHE DEFAULT CELL_FLASH_CACHE DEFAULT)
  TABLESPACE "USERS" ;
--------------------------------------------------------
--  DDL for Table VIAGEM
--------------------------------------------------------

  CREATE TABLE "AABDG07"."VIAGEM" 
   (	"ID_VIAGEM" NUMBER(*,0), 
	"DATA_INICIO" DATE, 
	"DATA_FIM" DATE, 
	"DISTANCIA_TOTAL" NUMBER(*,0), 
	"ID_VISITA" NUMBER(*,0), 
	"ID_REAB" NUMBER(*,0), 
	"ID_ARMAZEM" NUMBER(*,0)
   ) SEGMENT CREATION IMMEDIATE 
  PCTFREE 10 PCTUSED 40 INITRANS 1 MAXTRANS 255 NOCOMPRESS LOGGING
  STORAGE(INITIAL 65536 NEXT 1048576 MINEXTENTS 1 MAXEXTENTS 2147483645
  PCTINCREASE 0 FREELISTS 1 FREELIST GROUPS 1 BUFFER_POOL DEFAULT FLASH_CACHE DEFAULT CELL_FLASH_CACHE DEFAULT)
  TABLESPACE "USERS" ;
--------------------------------------------------------
--  DDL for Table VIAGEM_FUNC
--------------------------------------------------------

  CREATE TABLE "AABDG07"."VIAGEM_FUNC" 
   (	"ID_VIAGEM" NUMBER(*,0), 
	"ID_FUNC" NUMBER(*,0)
   ) SEGMENT CREATION IMMEDIATE 
  PCTFREE 10 PCTUSED 40 INITRANS 1 MAXTRANS 255 NOCOMPRESS LOGGING
  STORAGE(INITIAL 65536 NEXT 1048576 MINEXTENTS 1 MAXEXTENTS 2147483645
  PCTINCREASE 0 FREELISTS 1 FREELIST GROUPS 1 BUFFER_POOL DEFAULT FLASH_CACHE DEFAULT CELL_FLASH_CACHE DEFAULT)
  TABLESPACE "USERS" ;
--------------------------------------------------------
--  DDL for Table VISITA_MAQUINA
--------------------------------------------------------

  CREATE TABLE "AABDG07"."VISITA_MAQUINA" 
   (	"ID_VISITA" NUMBER(*,0), 
	"DATA_HORA" DATE, 
	"KMS_PERCORRIDOS" NUMBER(*,0), 
	"OBSERVACOES" VARCHAR2(512 BYTE), 
	"ID_MAQUINA" NUMBER(*,0)
   ) SEGMENT CREATION IMMEDIATE 
  PCTFREE 10 PCTUSED 40 INITRANS 1 MAXTRANS 255 NOCOMPRESS LOGGING
  STORAGE(INITIAL 65536 NEXT 1048576 MINEXTENTS 1 MAXEXTENTS 2147483645
  PCTINCREASE 0 FREELISTS 1 FREELIST GROUPS 1 BUFFER_POOL DEFAULT FLASH_CACHE DEFAULT CELL_FLASH_CACHE DEFAULT)
  TABLESPACE "USERS" ;
REM INSERTING into AABDG07.ARMAZEM
SET DEFINE OFF;
Insert into AABDG07.ARMAZEM (ID_ARMAZEM,NOME,CAPACIDADE_TOTAL,LATITUDE,LONGITUDE) values ('1','EMPRESA A','1000','40,2','-8,41');
Insert into AABDG07.ARMAZEM (ID_ARMAZEM,NOME,CAPACIDADE_TOTAL,LATITUDE,LONGITUDE) values ('2','EMPRESA B','1500','40,2','-8,42');
Insert into AABDG07.ARMAZEM (ID_ARMAZEM,NOME,CAPACIDADE_TOTAL,LATITUDE,LONGITUDE) values ('3','LOUSÃ','750','40','-8,24');
Insert into AABDG07.ARMAZEM (ID_ARMAZEM,NOME,CAPACIDADE_TOTAL,LATITUDE,LONGITUDE) values ('4','TAVEIRO','1000','40,2','-8,41');
Insert into AABDG07.ARMAZEM (ID_ARMAZEM,NOME,CAPACIDADE_TOTAL,LATITUDE,LONGITUDE) values ('5','USCELAS','500','40,2','-8,4');
REM INSERTING into AABDG07.COMP_VENDA
SET DEFINE OFF;
REM INSERTING into AABDG07.COMPARTIMENTO
SET DEFINE OFF;
Insert into AABDG07.COMPARTIMENTO (ID_COMP,COD_COMP,PRECO,QTD_MAX,QTD_MIN,QTD_ATUAL,ESTADO,ID_HIST_CONFIG,ID_REAB,ID_PRODUTO) values ('10','A1',null,null,null,null,null,null,'100','1001');
Insert into AABDG07.COMPARTIMENTO (ID_COMP,COD_COMP,PRECO,QTD_MAX,QTD_MIN,QTD_ATUAL,ESTADO,ID_HIST_CONFIG,ID_REAB,ID_PRODUTO) values ('11','A2',null,null,null,null,null,null,'101','1001');
Insert into AABDG07.COMPARTIMENTO (ID_COMP,COD_COMP,PRECO,QTD_MAX,QTD_MIN,QTD_ATUAL,ESTADO,ID_HIST_CONFIG,ID_REAB,ID_PRODUTO) values ('12','B1',null,null,null,null,null,null,'102','1002');
Insert into AABDG07.COMPARTIMENTO (ID_COMP,COD_COMP,PRECO,QTD_MAX,QTD_MIN,QTD_ATUAL,ESTADO,ID_HIST_CONFIG,ID_REAB,ID_PRODUTO) values ('13','B2',null,null,null,null,null,null,'103','1002');
Insert into AABDG07.COMPARTIMENTO (ID_COMP,COD_COMP,PRECO,QTD_MAX,QTD_MIN,QTD_ATUAL,ESTADO,ID_HIST_CONFIG,ID_REAB,ID_PRODUTO) values ('14','C1',null,null,null,null,null,null,'104','1001');
Insert into AABDG07.COMPARTIMENTO (ID_COMP,COD_COMP,PRECO,QTD_MAX,QTD_MIN,QTD_ATUAL,ESTADO,ID_HIST_CONFIG,ID_REAB,ID_PRODUTO) values ('3','A3','1','100','10','50','OK',null,'3','3');
Insert into AABDG07.COMPARTIMENTO (ID_COMP,COD_COMP,PRECO,QTD_MAX,QTD_MIN,QTD_ATUAL,ESTADO,ID_HIST_CONFIG,ID_REAB,ID_PRODUTO) values ('4','A4','1','100','10','50','OK',null,'4','1');
Insert into AABDG07.COMPARTIMENTO (ID_COMP,COD_COMP,PRECO,QTD_MAX,QTD_MIN,QTD_ATUAL,ESTADO,ID_HIST_CONFIG,ID_REAB,ID_PRODUTO) values ('3001','C1','1','100','10','50','OK',null,'2001','1001');
Insert into AABDG07.COMPARTIMENTO (ID_COMP,COD_COMP,PRECO,QTD_MAX,QTD_MIN,QTD_ATUAL,ESTADO,ID_HIST_CONFIG,ID_REAB,ID_PRODUTO) values ('3002','C2','1,2','100','10','50','OK',null,'2002','1002');
Insert into AABDG07.COMPARTIMENTO (ID_COMP,COD_COMP,PRECO,QTD_MAX,QTD_MIN,QTD_ATUAL,ESTADO,ID_HIST_CONFIG,ID_REAB,ID_PRODUTO) values ('3004','C4','1','100','10','50','OK',null,'2004','1001');
Insert into AABDG07.COMPARTIMENTO (ID_COMP,COD_COMP,PRECO,QTD_MAX,QTD_MIN,QTD_ATUAL,ESTADO,ID_HIST_CONFIG,ID_REAB,ID_PRODUTO) values ('8001','X1','1','100','10','50','OK',null,'6001','5001');
Insert into AABDG07.COMPARTIMENTO (ID_COMP,COD_COMP,PRECO,QTD_MAX,QTD_MIN,QTD_ATUAL,ESTADO,ID_HIST_CONFIG,ID_REAB,ID_PRODUTO) values ('8002','X2','1,2','100','10','50','OK',null,'6002','5002');
Insert into AABDG07.COMPARTIMENTO (ID_COMP,COD_COMP,PRECO,QTD_MAX,QTD_MIN,QTD_ATUAL,ESTADO,ID_HIST_CONFIG,ID_REAB,ID_PRODUTO) values ('1','A1','1','20','5','10','Normal','1','1','1');
Insert into AABDG07.COMPARTIMENTO (ID_COMP,COD_COMP,PRECO,QTD_MAX,QTD_MIN,QTD_ATUAL,ESTADO,ID_HIST_CONFIG,ID_REAB,ID_PRODUTO) values ('2','B1','1,2','20','5','12','Normal','1','1','2');
Insert into AABDG07.COMPARTIMENTO (ID_COMP,COD_COMP,PRECO,QTD_MAX,QTD_MIN,QTD_ATUAL,ESTADO,ID_HIST_CONFIG,ID_REAB,ID_PRODUTO) values ('1001','A1','1','40','5','12','OK',null,'500','8878');
Insert into AABDG07.COMPARTIMENTO (ID_COMP,COD_COMP,PRECO,QTD_MAX,QTD_MIN,QTD_ATUAL,ESTADO,ID_HIST_CONFIG,ID_REAB,ID_PRODUTO) values ('1002','A2','1,2','35','5','10','OK',null,'500','8879');
Insert into AABDG07.COMPARTIMENTO (ID_COMP,COD_COMP,PRECO,QTD_MAX,QTD_MIN,QTD_ATUAL,ESTADO,ID_HIST_CONFIG,ID_REAB,ID_PRODUTO) values ('5','CC2','1,5','10','2','7','OK',null,'106','1');
Insert into AABDG07.COMPARTIMENTO (ID_COMP,COD_COMP,PRECO,QTD_MAX,QTD_MIN,QTD_ATUAL,ESTADO,ID_HIST_CONFIG,ID_REAB,ID_PRODUTO) values ('6','AM3','1','15','3','12','OK',null,'103','2');
Insert into AABDG07.COMPARTIMENTO (ID_COMP,COD_COMP,PRECO,QTD_MAX,QTD_MIN,QTD_ATUAL,ESTADO,ID_HIST_CONFIG,ID_REAB,ID_PRODUTO) values ('7','BM2','2','8','1','6','OK',null,'104','3');
Insert into AABDG07.COMPARTIMENTO (ID_COMP,COD_COMP,PRECO,QTD_MAX,QTD_MIN,QTD_ATUAL,ESTADO,ID_HIST_CONFIG,ID_REAB,ID_PRODUTO) values ('101','M63-1','1,2','20','5','12','OK',null,'201','5');
Insert into AABDG07.COMPARTIMENTO (ID_COMP,COD_COMP,PRECO,QTD_MAX,QTD_MIN,QTD_ATUAL,ESTADO,ID_HIST_CONFIG,ID_REAB,ID_PRODUTO) values ('102','S63-2','1,5','15','3','8','OK',null,'203','6');
Insert into AABDG07.COMPARTIMENTO (ID_COMP,COD_COMP,PRECO,QTD_MAX,QTD_MIN,QTD_ATUAL,ESTADO,ID_HIST_CONFIG,ID_REAB,ID_PRODUTO) values ('103','T64-1','1,3','25','7','15','OK',null,'202','7');
REM INSERTING into AABDG07.EMPRESA
SET DEFINE OFF;
Insert into AABDG07.EMPRESA (ID_EMPRESA,NOME,CONTACTO) values ('1','VendingPLUS SA','239000000');
REM INSERTING into AABDG07.ENCOMENDA
SET DEFINE OFF;
Insert into AABDG07.ENCOMENDA (ID_ENCOMENDA,QUANTIDADE,DATA_ENCOMENDA) values ('1','100',to_date('25.03.01','RR.MM.DD'));
REM INSERTING into AABDG07.ENCOMENDA_ARMAZEM
SET DEFINE OFF;
Insert into AABDG07.ENCOMENDA_ARMAZEM (ID_ENCOMENDA,ID_ARMAZEM) values ('1','1');
REM INSERTING into AABDG07.ENCOMENDA_PRODUTO
SET DEFINE OFF;
Insert into AABDG07.ENCOMENDA_PRODUTO (ID_ENCOMENDA,ID_PRODUTO) values ('1','1');
REM INSERTING into AABDG07.ESTADO_MAQUINA
SET DEFINE OFF;
Insert into AABDG07.ESTADO_MAQUINA (ID_ESTADO,ESTADO,DATA_HORA) values ('7001','Operacional',to_date('25.04.05','RR.MM.DD'));
Insert into AABDG07.ESTADO_MAQUINA (ID_ESTADO,ESTADO,DATA_HORA) values ('1','Operacional',to_date('25.03.01','RR.MM.DD'));
REM INSERTING into AABDG07.EVENTO_MAQUINA
SET DEFINE OFF;
Insert into AABDG07.EVENTO_MAQUINA (ID_EVENTO,TIPO_EVENTO,DATA_HORA) values ('6001','Ativa',to_date('25.04.05','RR.MM.DD'));
Insert into AABDG07.EVENTO_MAQUINA (ID_EVENTO,TIPO_EVENTO,DATA_HORA) values ('1','Heartbeat',to_date('25.03.01','RR.MM.DD'));
REM INSERTING into AABDG07.FUNCIONARIO
SET DEFINE OFF;
Insert into AABDG07.FUNCIONARIO (ID_FUNCIONARIO,NOME,CONTACTO_FUNC) values ('1','Ana Silva','910000000');
Insert into AABDG07.FUNCIONARIO (ID_FUNCIONARIO,NOME,CONTACTO_FUNC) values ('2','João Costa','920000000');
REM INSERTING into AABDG07.HIST_CONFCOMP_PROD
SET DEFINE OFF;
Insert into AABDG07.HIST_CONFCOMP_PROD (ID_HIST,ID_PRODUTO) values ('1','1');
REM INSERTING into AABDG07.HISTORICO_CONFIG_COMP
SET DEFINE OFF;
Insert into AABDG07.HISTORICO_CONFIG_COMP (ID_HIST,PRECO,DATA_INICIO,DATA_FIM) values ('1','1',to_date('25.03.01','RR.MM.DD'),null);
REM INSERTING into AABDG07.MANUT_FUNC
SET DEFINE OFF;
Insert into AABDG07.MANUT_FUNC (ID_MANUTENCAO,ID_FUNC) values ('1','2');
REM INSERTING into AABDG07.MANUTENCAO
SET DEFINE OFF;
Insert into AABDG07.MANUTENCAO (ID_MANUTENCAO,DATA_HORA,ESTADO) values ('8001',to_date('25.04.05','RR.MM.DD'),'OK');
Insert into AABDG07.MANUTENCAO (ID_MANUTENCAO,DATA_HORA,ESTADO) values ('1',to_date('25.03.01','RR.MM.DD'),'Concluída');
REM INSERTING into AABDG07.MAQUINA
SET DEFINE OFF;
Insert into AABDG07.MAQUINA (ID_MAQUINA,LATITUDE,LONGITUDE,ULTIMA_ATUALIZACAO,ULTIMA_VENDA,ID_VISITA,ID_EVENTO,ID_ESTADO,ID_MANUTENCAO,ID_EMPRESA,CIDADE) values ('2','40,2','-8,4',to_date('25.04.05','RR.MM.DD'),to_date('25.04.05','RR.MM.DD'),'1','1','1','1','1','COIMBRA');
Insert into AABDG07.MAQUINA (ID_MAQUINA,LATITUDE,LONGITUDE,ULTIMA_ATUALIZACAO,ULTIMA_VENDA,ID_VISITA,ID_EVENTO,ID_ESTADO,ID_MANUTENCAO,ID_EMPRESA,CIDADE) values ('3','40,2','-8,4',to_date('25.04.05','RR.MM.DD'),to_date('25.04.05','RR.MM.DD'),'1','1','1','1','1','COIMBRA');
Insert into AABDG07.MAQUINA (ID_MAQUINA,LATITUDE,LONGITUDE,ULTIMA_ATUALIZACAO,ULTIMA_VENDA,ID_VISITA,ID_EVENTO,ID_ESTADO,ID_MANUTENCAO,ID_EMPRESA,CIDADE) values ('4','40,2','-8,4',to_date('25.04.05','RR.MM.DD'),to_date('25.04.05','RR.MM.DD'),'1','1','1','1','1','COIMBRA');
Insert into AABDG07.MAQUINA (ID_MAQUINA,LATITUDE,LONGITUDE,ULTIMA_ATUALIZACAO,ULTIMA_VENDA,ID_VISITA,ID_EVENTO,ID_ESTADO,ID_MANUTENCAO,ID_EMPRESA,CIDADE) values ('9001','40,2','-8,4',to_date('25.04.05','RR.MM.DD'),to_date('25.04.05','RR.MM.DD'),'1','1','1','1','1','COIMBRA');
Insert into AABDG07.MAQUINA (ID_MAQUINA,LATITUDE,LONGITUDE,ULTIMA_ATUALIZACAO,ULTIMA_VENDA,ID_VISITA,ID_EVENTO,ID_ESTADO,ID_MANUTENCAO,ID_EMPRESA,CIDADE) values ('9002','40,2','-8,4',to_date('25.04.05','RR.MM.DD'),to_date('25.04.05','RR.MM.DD'),'1','1','1','1','1','COIMBRA');
Insert into AABDG07.MAQUINA (ID_MAQUINA,LATITUDE,LONGITUDE,ULTIMA_ATUALIZACAO,ULTIMA_VENDA,ID_VISITA,ID_EVENTO,ID_ESTADO,ID_MANUTENCAO,ID_EMPRESA,CIDADE) values ('9003','40,2','-8,4',to_date('25.04.05','RR.MM.DD'),to_date('25.04.05','RR.MM.DD'),'1','1','1','1','1','COIMBRA');
Insert into AABDG07.MAQUINA (ID_MAQUINA,LATITUDE,LONGITUDE,ULTIMA_ATUALIZACAO,ULTIMA_VENDA,ID_VISITA,ID_EVENTO,ID_ESTADO,ID_MANUTENCAO,ID_EMPRESA,CIDADE) values ('9004','40,2','-8,4',to_date('25.04.05','RR.MM.DD'),to_date('25.04.05','RR.MM.DD'),'1','1','1','1','1','COIMBRA');
Insert into AABDG07.MAQUINA (ID_MAQUINA,LATITUDE,LONGITUDE,ULTIMA_ATUALIZACAO,ULTIMA_VENDA,ID_VISITA,ID_EVENTO,ID_ESTADO,ID_MANUTENCAO,ID_EMPRESA,CIDADE) values ('91001','40,2','-8,4',to_date('25.04.05','RR.MM.DD'),to_date('25.04.05','RR.MM.DD'),'5001','6001','7001','8001','1','COIMBRA');
Insert into AABDG07.MAQUINA (ID_MAQUINA,LATITUDE,LONGITUDE,ULTIMA_ATUALIZACAO,ULTIMA_VENDA,ID_VISITA,ID_EVENTO,ID_ESTADO,ID_MANUTENCAO,ID_EMPRESA,CIDADE) values ('91002','40,2','-8,4',to_date('25.04.05','RR.MM.DD'),to_date('25.04.05','RR.MM.DD'),'5001','6001','7001','8001','1','COIMBRA');
Insert into AABDG07.MAQUINA (ID_MAQUINA,LATITUDE,LONGITUDE,ULTIMA_ATUALIZACAO,ULTIMA_VENDA,ID_VISITA,ID_EVENTO,ID_ESTADO,ID_MANUTENCAO,ID_EMPRESA,CIDADE) values ('91003','40,2','-8,4',to_date('25.04.05','RR.MM.DD'),to_date('25.04.05','RR.MM.DD'),'5001','6001','7001','8001','1','COIMBRA');
Insert into AABDG07.MAQUINA (ID_MAQUINA,LATITUDE,LONGITUDE,ULTIMA_ATUALIZACAO,ULTIMA_VENDA,ID_VISITA,ID_EVENTO,ID_ESTADO,ID_MANUTENCAO,ID_EMPRESA,CIDADE) values ('91004','40,2','-8,4',to_date('25.04.05','RR.MM.DD'),to_date('25.04.05','RR.MM.DD'),'5001','6001','7001','8001','1','COIMBRA');
Insert into AABDG07.MAQUINA (ID_MAQUINA,LATITUDE,LONGITUDE,ULTIMA_ATUALIZACAO,ULTIMA_VENDA,ID_VISITA,ID_EVENTO,ID_ESTADO,ID_MANUTENCAO,ID_EMPRESA,CIDADE) values ('1','40,2','-8,41',to_date('25.03.01','RR.MM.DD'),to_date('25.03.01','RR.MM.DD'),'1','1','1','1','1','COIMBRA');
Insert into AABDG07.MAQUINA (ID_MAQUINA,LATITUDE,LONGITUDE,ULTIMA_ATUALIZACAO,ULTIMA_VENDA,ID_VISITA,ID_EVENTO,ID_ESTADO,ID_MANUTENCAO,ID_EMPRESA,CIDADE) values ('884','40,2','-8,4',to_date('25.04.04','RR.MM.DD'),to_date('25.04.04','RR.MM.DD'),'1','1','1','1','1','LISBOA');
REM INSERTING into AABDG07.MAQUINA_COMP
SET DEFINE OFF;
Insert into AABDG07.MAQUINA_COMP (ID_MAQUINA,ID_COMP) values ('1','1');
Insert into AABDG07.MAQUINA_COMP (ID_MAQUINA,ID_COMP) values ('1','2');
Insert into AABDG07.MAQUINA_COMP (ID_MAQUINA,ID_COMP) values ('1','6');
Insert into AABDG07.MAQUINA_COMP (ID_MAQUINA,ID_COMP) values ('2','3');
Insert into AABDG07.MAQUINA_COMP (ID_MAQUINA,ID_COMP) values ('2','4');
Insert into AABDG07.MAQUINA_COMP (ID_MAQUINA,ID_COMP) values ('2','7');
Insert into AABDG07.MAQUINA_COMP (ID_MAQUINA,ID_COMP) values ('3','5');
Insert into AABDG07.MAQUINA_COMP (ID_MAQUINA,ID_COMP) values ('884','1001');
Insert into AABDG07.MAQUINA_COMP (ID_MAQUINA,ID_COMP) values ('884','1002');
Insert into AABDG07.MAQUINA_COMP (ID_MAQUINA,ID_COMP) values ('9001','3001');
Insert into AABDG07.MAQUINA_COMP (ID_MAQUINA,ID_COMP) values ('9001','3002');
Insert into AABDG07.MAQUINA_COMP (ID_MAQUINA,ID_COMP) values ('9002','3001');
Insert into AABDG07.MAQUINA_COMP (ID_MAQUINA,ID_COMP) values ('9002','3002');
Insert into AABDG07.MAQUINA_COMP (ID_MAQUINA,ID_COMP) values ('9003','3001');
Insert into AABDG07.MAQUINA_COMP (ID_MAQUINA,ID_COMP) values ('9003','3002');
Insert into AABDG07.MAQUINA_COMP (ID_MAQUINA,ID_COMP) values ('9004','3001');
Insert into AABDG07.MAQUINA_COMP (ID_MAQUINA,ID_COMP) values ('9004','3002');
Insert into AABDG07.MAQUINA_COMP (ID_MAQUINA,ID_COMP) values ('91001','8001');
Insert into AABDG07.MAQUINA_COMP (ID_MAQUINA,ID_COMP) values ('91001','8002');
Insert into AABDG07.MAQUINA_COMP (ID_MAQUINA,ID_COMP) values ('91002','8001');
Insert into AABDG07.MAQUINA_COMP (ID_MAQUINA,ID_COMP) values ('91002','8002');
Insert into AABDG07.MAQUINA_COMP (ID_MAQUINA,ID_COMP) values ('91003','8001');
Insert into AABDG07.MAQUINA_COMP (ID_MAQUINA,ID_COMP) values ('91003','8002');
Insert into AABDG07.MAQUINA_COMP (ID_MAQUINA,ID_COMP) values ('91004','8001');
Insert into AABDG07.MAQUINA_COMP (ID_MAQUINA,ID_COMP) values ('91004','8002');
REM INSERTING into AABDG07.MAQUINA_ESTADO
SET DEFINE OFF;
Insert into AABDG07.MAQUINA_ESTADO (ID_MAQUINA,ID_ESTADO,DATA_HORA,ESTADO) values ('1','1',to_date('25.03.01','RR.MM.DD'),null);
REM INSERTING into AABDG07.PRODUTO
SET DEFINE OFF;
Insert into AABDG07.PRODUTO (ID_PRODUTO,NOME,TIPO_PRODUTO) values ('1001','ÁGUA','BEBIDA');
Insert into AABDG07.PRODUTO (ID_PRODUTO,NOME,TIPO_PRODUTO) values ('1002','SUMO','BEBIDA');
Insert into AABDG07.PRODUTO (ID_PRODUTO,NOME,TIPO_PRODUTO) values ('2001','ÁGUA','BEBIDA');
Insert into AABDG07.PRODUTO (ID_PRODUTO,NOME,TIPO_PRODUTO) values ('2002','SUMO','BEBIDA');
Insert into AABDG07.PRODUTO (ID_PRODUTO,NOME,TIPO_PRODUTO) values ('9101','ÁGUA','BEBIDA');
Insert into AABDG07.PRODUTO (ID_PRODUTO,NOME,TIPO_PRODUTO) values ('9102','SUMO','BEBIDA');
Insert into AABDG07.PRODUTO (ID_PRODUTO,NOME,TIPO_PRODUTO) values ('3','Café','CAFE');
Insert into AABDG07.PRODUTO (ID_PRODUTO,NOME,TIPO_PRODUTO) values ('5001','ÁGUA 1L','AGUA');
Insert into AABDG07.PRODUTO (ID_PRODUTO,NOME,TIPO_PRODUTO) values ('5002','CAFÉ EXPRESSO','CAFE');
Insert into AABDG07.PRODUTO (ID_PRODUTO,NOME,TIPO_PRODUTO) values ('1','Água Luso 33cl','Bebida');
Insert into AABDG07.PRODUTO (ID_PRODUTO,NOME,TIPO_PRODUTO) values ('2','Snickers','Snack');
Insert into AABDG07.PRODUTO (ID_PRODUTO,NOME,TIPO_PRODUTO) values ('8878','ÁGUA LUSO 33CL','AGUA');
Insert into AABDG07.PRODUTO (ID_PRODUTO,NOME,TIPO_PRODUTO) values ('8879','ÁGUA VITALIS 50CL','AGUA');
Insert into AABDG07.PRODUTO (ID_PRODUTO,NOME,TIPO_PRODUTO) values ('4','Pringles','Alimento');
Insert into AABDG07.PRODUTO (ID_PRODUTO,NOME,TIPO_PRODUTO) values ('5','MARS','Doce');
Insert into AABDG07.PRODUTO (ID_PRODUTO,NOME,TIPO_PRODUTO) values ('6','SNICKERS','Doce');
Insert into AABDG07.PRODUTO (ID_PRODUTO,NOME,TIPO_PRODUTO) values ('7','TWIX','Doce');
Insert into AABDG07.PRODUTO (ID_PRODUTO,NOME,TIPO_PRODUTO) values ('9920','MARS',null);
Insert into AABDG07.PRODUTO (ID_PRODUTO,NOME,TIPO_PRODUTO) values ('9921','SNICKERS',null);
REM INSERTING into AABDG07.PRODUTO_VIAGEM
SET DEFINE OFF;
REM INSERTING into AABDG07.REABASTECIMENTO
SET DEFINE OFF;
Insert into AABDG07.REABASTECIMENTO (ID_REAB,DATA_HORA,QTD_ABASTECIMENTO) values ('100',to_date('24.03.15','RR.MM.DD'),'30');
Insert into AABDG07.REABASTECIMENTO (ID_REAB,DATA_HORA,QTD_ABASTECIMENTO) values ('101',to_date('24.03.16','RR.MM.DD'),'50');
Insert into AABDG07.REABASTECIMENTO (ID_REAB,DATA_HORA,QTD_ABASTECIMENTO) values ('102',to_date('24.03.17','RR.MM.DD'),'60');
Insert into AABDG07.REABASTECIMENTO (ID_REAB,DATA_HORA,QTD_ABASTECIMENTO) values ('103',to_date('24.03.18','RR.MM.DD'),'20');
Insert into AABDG07.REABASTECIMENTO (ID_REAB,DATA_HORA,QTD_ABASTECIMENTO) values ('104',to_date('24.03.19','RR.MM.DD'),'70');
Insert into AABDG07.REABASTECIMENTO (ID_REAB,DATA_HORA,QTD_ABASTECIMENTO) values ('1000',to_date('24.03.15','RR.MM.DD'),'30');
Insert into AABDG07.REABASTECIMENTO (ID_REAB,DATA_HORA,QTD_ABASTECIMENTO) values ('1001',to_date('24.03.16','RR.MM.DD'),'50');
Insert into AABDG07.REABASTECIMENTO (ID_REAB,DATA_HORA,QTD_ABASTECIMENTO) values ('1002',to_date('24.03.17','RR.MM.DD'),'60');
Insert into AABDG07.REABASTECIMENTO (ID_REAB,DATA_HORA,QTD_ABASTECIMENTO) values ('1003',to_date('24.03.18','RR.MM.DD'),'20');
Insert into AABDG07.REABASTECIMENTO (ID_REAB,DATA_HORA,QTD_ABASTECIMENTO) values ('1004',to_date('24.03.19','RR.MM.DD'),'70');
Insert into AABDG07.REABASTECIMENTO (ID_REAB,DATA_HORA,QTD_ABASTECIMENTO) values ('3000',to_date('24.03.15','RR.MM.DD'),'30');
Insert into AABDG07.REABASTECIMENTO (ID_REAB,DATA_HORA,QTD_ABASTECIMENTO) values ('3001',to_date('24.03.16','RR.MM.DD'),'50');
Insert into AABDG07.REABASTECIMENTO (ID_REAB,DATA_HORA,QTD_ABASTECIMENTO) values ('3002',to_date('24.03.17','RR.MM.DD'),'60');
Insert into AABDG07.REABASTECIMENTO (ID_REAB,DATA_HORA,QTD_ABASTECIMENTO) values ('3003',to_date('24.03.18','RR.MM.DD'),'20');
Insert into AABDG07.REABASTECIMENTO (ID_REAB,DATA_HORA,QTD_ABASTECIMENTO) values ('3004',to_date('24.03.19','RR.MM.DD'),'70');
Insert into AABDG07.REABASTECIMENTO (ID_REAB,DATA_HORA,QTD_ABASTECIMENTO) values ('3100',to_date('24.03.15','RR.MM.DD'),'30');
Insert into AABDG07.REABASTECIMENTO (ID_REAB,DATA_HORA,QTD_ABASTECIMENTO) values ('3101',to_date('24.03.16','RR.MM.DD'),'50');
Insert into AABDG07.REABASTECIMENTO (ID_REAB,DATA_HORA,QTD_ABASTECIMENTO) values ('3102',to_date('24.03.17','RR.MM.DD'),'60');
Insert into AABDG07.REABASTECIMENTO (ID_REAB,DATA_HORA,QTD_ABASTECIMENTO) values ('3103',to_date('24.03.18','RR.MM.DD'),'20');
Insert into AABDG07.REABASTECIMENTO (ID_REAB,DATA_HORA,QTD_ABASTECIMENTO) values ('3104',to_date('24.03.19','RR.MM.DD'),'70');
Insert into AABDG07.REABASTECIMENTO (ID_REAB,DATA_HORA,QTD_ABASTECIMENTO) values ('9201',to_date('24.03.15','RR.MM.DD'),'30');
Insert into AABDG07.REABASTECIMENTO (ID_REAB,DATA_HORA,QTD_ABASTECIMENTO) values ('9202',to_date('24.03.16','RR.MM.DD'),'50');
Insert into AABDG07.REABASTECIMENTO (ID_REAB,DATA_HORA,QTD_ABASTECIMENTO) values ('9203',to_date('24.03.17','RR.MM.DD'),'60');
Insert into AABDG07.REABASTECIMENTO (ID_REAB,DATA_HORA,QTD_ABASTECIMENTO) values ('9204',to_date('24.03.18','RR.MM.DD'),'20');
Insert into AABDG07.REABASTECIMENTO (ID_REAB,DATA_HORA,QTD_ABASTECIMENTO) values ('9205',to_date('24.03.19','RR.MM.DD'),'70');
Insert into AABDG07.REABASTECIMENTO (ID_REAB,DATA_HORA,QTD_ABASTECIMENTO) values ('2',to_date('24.05.10','RR.MM.DD'),'2000');
Insert into AABDG07.REABASTECIMENTO (ID_REAB,DATA_HORA,QTD_ABASTECIMENTO) values ('3',to_date('24.06.15','RR.MM.DD'),'2500');
Insert into AABDG07.REABASTECIMENTO (ID_REAB,DATA_HORA,QTD_ABASTECIMENTO) values ('4',to_date('24.07.15','RR.MM.DD'),'1500');
Insert into AABDG07.REABASTECIMENTO (ID_REAB,DATA_HORA,QTD_ABASTECIMENTO) values ('2001',to_date('24.04.01','RR.MM.DD'),'3000');
Insert into AABDG07.REABASTECIMENTO (ID_REAB,DATA_HORA,QTD_ABASTECIMENTO) values ('2002',to_date('24.05.10','RR.MM.DD'),'2000');
Insert into AABDG07.REABASTECIMENTO (ID_REAB,DATA_HORA,QTD_ABASTECIMENTO) values ('2003',to_date('24.06.15','RR.MM.DD'),'2500');
Insert into AABDG07.REABASTECIMENTO (ID_REAB,DATA_HORA,QTD_ABASTECIMENTO) values ('2004',to_date('24.07.15','RR.MM.DD'),'1500');
Insert into AABDG07.REABASTECIMENTO (ID_REAB,DATA_HORA,QTD_ABASTECIMENTO) values ('6001',to_date('24.03.10','RR.MM.DD'),'8000');
Insert into AABDG07.REABASTECIMENTO (ID_REAB,DATA_HORA,QTD_ABASTECIMENTO) values ('6002',to_date('24.07.20','RR.MM.DD'),'12000');
Insert into AABDG07.REABASTECIMENTO (ID_REAB,DATA_HORA,QTD_ABASTECIMENTO) values ('9999',to_date('25.03.26','RR.MM.DD'),'10000');
Insert into AABDG07.REABASTECIMENTO (ID_REAB,DATA_HORA,QTD_ABASTECIMENTO) values ('1',to_date('25.03.02','RR.MM.DD'),'50');
Insert into AABDG07.REABASTECIMENTO (ID_REAB,DATA_HORA,QTD_ABASTECIMENTO) values ('500',to_date('25.02.15','RR.MM.DD'),'490');
Insert into AABDG07.REABASTECIMENTO (ID_REAB,DATA_HORA,QTD_ABASTECIMENTO) values ('105',to_date('25.04.03','RR.MM.DD'),'25');
Insert into AABDG07.REABASTECIMENTO (ID_REAB,DATA_HORA,QTD_ABASTECIMENTO) values ('106',to_date('25.04.03','RR.MM.DD'),'35');
Insert into AABDG07.REABASTECIMENTO (ID_REAB,DATA_HORA,QTD_ABASTECIMENTO) values ('107',to_date('25.04.04','RR.MM.DD'),'45');
Insert into AABDG07.REABASTECIMENTO (ID_REAB,DATA_HORA,QTD_ABASTECIMENTO) values ('108',to_date('25.04.04','RR.MM.DD'),'55');
Insert into AABDG07.REABASTECIMENTO (ID_REAB,DATA_HORA,QTD_ABASTECIMENTO) values ('201',to_date('25.03.11','RR.MM.DD'),'5');
Insert into AABDG07.REABASTECIMENTO (ID_REAB,DATA_HORA,QTD_ABASTECIMENTO) values ('202',to_date('25.03.11','RR.MM.DD'),'3');
Insert into AABDG07.REABASTECIMENTO (ID_REAB,DATA_HORA,QTD_ABASTECIMENTO) values ('203',to_date('25.03.11','RR.MM.DD'),'7');
Insert into AABDG07.REABASTECIMENTO (ID_REAB,DATA_HORA,QTD_ABASTECIMENTO) values ('501',null,'4');
Insert into AABDG07.REABASTECIMENTO (ID_REAB,DATA_HORA,QTD_ABASTECIMENTO) values ('502',null,'3');
Insert into AABDG07.REABASTECIMENTO (ID_REAB,DATA_HORA,QTD_ABASTECIMENTO) values ('503',null,'6');
REM INSERTING into AABDG07.ROTA
SET DEFINE OFF;
Insert into AABDG07.ROTA (ID_ROTA,NOME,ID_ARMA_PARTIDA,ID_ARMA_DESTINO) values ('1','Rota A','1','2');
REM INSERTING into AABDG07.ROTA_MAQUINA
SET DEFINE OFF;
Insert into AABDG07.ROTA_MAQUINA (ID_ROTA,ID_MAQUINA,ORDEM) values ('1','1','1');
REM INSERTING into AABDG07.ROTA_VIAG
SET DEFINE OFF;
REM INSERTING into AABDG07.STOCK_ARMAZEM
SET DEFINE OFF;
Insert into AABDG07.STOCK_ARMAZEM (ID_STOCK,QUANTIDADE_DISPONIVEL,DATA_REGISTO,ID_ARMAZEM,ID_PRODUTO) values ('1','200',to_date('25.03.01','RR.MM.DD'),'1','1');
Insert into AABDG07.STOCK_ARMAZEM (ID_STOCK,QUANTIDADE_DISPONIVEL,DATA_REGISTO,ID_ARMAZEM,ID_PRODUTO) values ('2','300',to_date('25.03.01','RR.MM.DD'),'2','2');
REM INSERTING into AABDG07.VEICULO
SET DEFINE OFF;
REM INSERTING into AABDG07.VENDA
SET DEFINE OFF;
Insert into AABDG07.VENDA (ID_VENDA,DATA_HORA,QUANTIDADE,METODO_PAGAMENTO,ID_MAQUINA) values ('10001',to_date('25.04.05','RR.MM.DD'),'1','MBWAY','9001');
Insert into AABDG07.VENDA (ID_VENDA,DATA_HORA,QUANTIDADE,METODO_PAGAMENTO,ID_MAQUINA) values ('10002',to_date('25.04.05','RR.MM.DD'),'1','MBWAY','9002');
Insert into AABDG07.VENDA (ID_VENDA,DATA_HORA,QUANTIDADE,METODO_PAGAMENTO,ID_MAQUINA) values ('10003',to_date('25.04.05','RR.MM.DD'),'1','MBWAY','9003');
Insert into AABDG07.VENDA (ID_VENDA,DATA_HORA,QUANTIDADE,METODO_PAGAMENTO,ID_MAQUINA) values ('10004',to_date('25.04.05','RR.MM.DD'),'1','MBWAY','9004');
Insert into AABDG07.VENDA (ID_VENDA,DATA_HORA,QUANTIDADE,METODO_PAGAMENTO,ID_MAQUINA) values ('110001',to_date('25.04.05','RR.MM.DD'),'7','MBWAY','91001');
Insert into AABDG07.VENDA (ID_VENDA,DATA_HORA,QUANTIDADE,METODO_PAGAMENTO,ID_MAQUINA) values ('110002',to_date('25.04.05','RR.MM.DD'),'8','MBWAY','91002');
Insert into AABDG07.VENDA (ID_VENDA,DATA_HORA,QUANTIDADE,METODO_PAGAMENTO,ID_MAQUINA) values ('110003',to_date('25.04.05','RR.MM.DD'),'9','MBWAY','91003');
Insert into AABDG07.VENDA (ID_VENDA,DATA_HORA,QUANTIDADE,METODO_PAGAMENTO,ID_MAQUINA) values ('110004',to_date('25.04.05','RR.MM.DD'),'10','MBWAY','91004');
Insert into AABDG07.VENDA (ID_VENDA,DATA_HORA,QUANTIDADE,METODO_PAGAMENTO,ID_MAQUINA) values ('1',to_date('25.03.02','RR.MM.DD'),'1','MBWay','1');
Insert into AABDG07.VENDA (ID_VENDA,DATA_HORA,QUANTIDADE,METODO_PAGAMENTO,ID_MAQUINA) values ('2',to_date('25.03.03','RR.MM.DD'),'1','Dinheiro','1');
Insert into AABDG07.VENDA (ID_VENDA,DATA_HORA,QUANTIDADE,METODO_PAGAMENTO,ID_MAQUINA) values ('3',to_date('25.03.03','RR.MM.DD'),'1','MBWay','1');
Insert into AABDG07.VENDA (ID_VENDA,DATA_HORA,QUANTIDADE,METODO_PAGAMENTO,ID_MAQUINA) values ('4',to_date('25.03.04','RR.MM.DD'),'1','MBWay','1');
Insert into AABDG07.VENDA (ID_VENDA,DATA_HORA,QUANTIDADE,METODO_PAGAMENTO,ID_MAQUINA) values ('5',to_date('25.03.04','RR.MM.DD'),'1','Dinheiro','1');
Insert into AABDG07.VENDA (ID_VENDA,DATA_HORA,QUANTIDADE,METODO_PAGAMENTO,ID_MAQUINA) values ('6',to_date('25.03.02','RR.MM.DD'),'1','MBWay','1');
Insert into AABDG07.VENDA (ID_VENDA,DATA_HORA,QUANTIDADE,METODO_PAGAMENTO,ID_MAQUINA) values ('7',to_date('25.04.02','RR.MM.DD'),'1','MBWay','1');
Insert into AABDG07.VENDA (ID_VENDA,DATA_HORA,QUANTIDADE,METODO_PAGAMENTO,ID_MAQUINA) values ('7001',to_date('25.02.10','RR.MM.DD'),'300','MB','884');
Insert into AABDG07.VENDA (ID_VENDA,DATA_HORA,QUANTIDADE,METODO_PAGAMENTO,ID_MAQUINA) values ('7002',to_date('25.02.22','RR.MM.DD'),'156','MBWAY','884');
Insert into AABDG07.VENDA (ID_VENDA,DATA_HORA,QUANTIDADE,METODO_PAGAMENTO,ID_MAQUINA) values ('7003',to_date('25.04.03','RR.MM.DD'),'100','MB','884');
Insert into AABDG07.VENDA (ID_VENDA,DATA_HORA,QUANTIDADE,METODO_PAGAMENTO,ID_MAQUINA) values ('7004',to_date('25.04.02','RR.MM.DD'),'150','MBWAY','884');
REM INSERTING into AABDG07.VIAGEM
SET DEFINE OFF;
Insert into AABDG07.VIAGEM (ID_VIAGEM,DATA_INICIO,DATA_FIM,DISTANCIA_TOTAL,ID_VISITA,ID_REAB,ID_ARMAZEM) values ('3001',to_date('25.04.05','RR.MM.DD'),to_date('25.04.05','RR.MM.DD'),'100','5001','6001',null);
Insert into AABDG07.VIAGEM (ID_VIAGEM,DATA_INICIO,DATA_FIM,DISTANCIA_TOTAL,ID_VISITA,ID_REAB,ID_ARMAZEM) values ('3002',to_date('25.04.05','RR.MM.DD'),to_date('25.04.05','RR.MM.DD'),'120','5001','6002',null);
Insert into AABDG07.VIAGEM (ID_VIAGEM,DATA_INICIO,DATA_FIM,DISTANCIA_TOTAL,ID_VISITA,ID_REAB,ID_ARMAZEM) values ('1',to_date('25.03.03','RR.MM.DD'),to_date('25.03.03','RR.MM.DD'),'15','1','1',null);
Insert into AABDG07.VIAGEM (ID_VIAGEM,DATA_INICIO,DATA_FIM,DISTANCIA_TOTAL,ID_VISITA,ID_REAB,ID_ARMAZEM) values ('2001',to_date('25.04.01','RR.MM.DD'),to_date('25.04.01','RR.MM.DD'),'15','1001','101','1');
Insert into AABDG07.VIAGEM (ID_VIAGEM,DATA_INICIO,DATA_FIM,DISTANCIA_TOTAL,ID_VISITA,ID_REAB,ID_ARMAZEM) values ('2002',to_date('25.04.01','RR.MM.DD'),to_date('25.04.01','RR.MM.DD'),'10','1002','102','2');
Insert into AABDG07.VIAGEM (ID_VIAGEM,DATA_INICIO,DATA_FIM,DISTANCIA_TOTAL,ID_VISITA,ID_REAB,ID_ARMAZEM) values ('2003',to_date('25.04.02','RR.MM.DD'),to_date('25.04.02','RR.MM.DD'),'18','1003','103','1');
Insert into AABDG07.VIAGEM (ID_VIAGEM,DATA_INICIO,DATA_FIM,DISTANCIA_TOTAL,ID_VISITA,ID_REAB,ID_ARMAZEM) values ('2004',to_date('25.04.02','RR.MM.DD'),to_date('25.04.02','RR.MM.DD'),'12','1004','104','2');
Insert into AABDG07.VIAGEM (ID_VIAGEM,DATA_INICIO,DATA_FIM,DISTANCIA_TOTAL,ID_VISITA,ID_REAB,ID_ARMAZEM) values ('2005',to_date('25.04.03','RR.MM.DD'),to_date('25.04.03','RR.MM.DD'),'20','1005','105','1');
Insert into AABDG07.VIAGEM (ID_VIAGEM,DATA_INICIO,DATA_FIM,DISTANCIA_TOTAL,ID_VISITA,ID_REAB,ID_ARMAZEM) values ('2006',to_date('25.04.03','RR.MM.DD'),to_date('25.04.03','RR.MM.DD'),'9','1006','106','3');
Insert into AABDG07.VIAGEM (ID_VIAGEM,DATA_INICIO,DATA_FIM,DISTANCIA_TOTAL,ID_VISITA,ID_REAB,ID_ARMAZEM) values ('2007',to_date('25.04.04','RR.MM.DD'),to_date('25.04.04','RR.MM.DD'),'16','1007','107','2');
Insert into AABDG07.VIAGEM (ID_VIAGEM,DATA_INICIO,DATA_FIM,DISTANCIA_TOTAL,ID_VISITA,ID_REAB,ID_ARMAZEM) values ('2008',to_date('25.04.04','RR.MM.DD'),to_date('25.04.04','RR.MM.DD'),'11','1008','108','1');
Insert into AABDG07.VIAGEM (ID_VIAGEM,DATA_INICIO,DATA_FIM,DISTANCIA_TOTAL,ID_VISITA,ID_REAB,ID_ARMAZEM) values ('2025031105',to_date('25.03.11','RR.MM.DD'),to_date('25.03.11','RR.MM.DD'),'16','301','201','4');
REM INSERTING into AABDG07.VIAGEM_FUNC
SET DEFINE OFF;
Insert into AABDG07.VIAGEM_FUNC (ID_VIAGEM,ID_FUNC) values ('1','1');
REM INSERTING into AABDG07.VISITA_MAQUINA
SET DEFINE OFF;
Insert into AABDG07.VISITA_MAQUINA (ID_VISITA,DATA_HORA,KMS_PERCORRIDOS,OBSERVACOES,ID_MAQUINA) values ('5001',to_date('25.04.05','RR.MM.DD'),'12',null,null);
Insert into AABDG07.VISITA_MAQUINA (ID_VISITA,DATA_HORA,KMS_PERCORRIDOS,OBSERVACOES,ID_MAQUINA) values ('1',to_date('25.03.01','RR.MM.DD'),'12','Tudo Ok',null);
Insert into AABDG07.VISITA_MAQUINA (ID_VISITA,DATA_HORA,KMS_PERCORRIDOS,OBSERVACOES,ID_MAQUINA) values ('1001',to_date('25.04.01','RR.MM.DD'),'10','Visita de rotina','1');
Insert into AABDG07.VISITA_MAQUINA (ID_VISITA,DATA_HORA,KMS_PERCORRIDOS,OBSERVACOES,ID_MAQUINA) values ('1002',to_date('25.04.01','RR.MM.DD'),'5','Verificação','2');
Insert into AABDG07.VISITA_MAQUINA (ID_VISITA,DATA_HORA,KMS_PERCORRIDOS,OBSERVACOES,ID_MAQUINA) values ('1003',to_date('25.04.02','RR.MM.DD'),'12','Reabastecimento','1');
Insert into AABDG07.VISITA_MAQUINA (ID_VISITA,DATA_HORA,KMS_PERCORRIDOS,OBSERVACOES,ID_MAQUINA) values ('1004',to_date('25.04.02','RR.MM.DD'),'8','Manutenção menor','2');
Insert into AABDG07.VISITA_MAQUINA (ID_VISITA,DATA_HORA,KMS_PERCORRIDOS,OBSERVACOES,ID_MAQUINA) values ('1005',to_date('25.04.03','RR.MM.DD'),'15','Reabastecimento','1');
Insert into AABDG07.VISITA_MAQUINA (ID_VISITA,DATA_HORA,KMS_PERCORRIDOS,OBSERVACOES,ID_MAQUINA) values ('1006',to_date('25.04.03','RR.MM.DD'),'7','Verificação','3');
Insert into AABDG07.VISITA_MAQUINA (ID_VISITA,DATA_HORA,KMS_PERCORRIDOS,OBSERVACOES,ID_MAQUINA) values ('1007',to_date('25.04.04','RR.MM.DD'),'11','Reabastecimento','2');
Insert into AABDG07.VISITA_MAQUINA (ID_VISITA,DATA_HORA,KMS_PERCORRIDOS,OBSERVACOES,ID_MAQUINA) values ('1008',to_date('25.04.04','RR.MM.DD'),'9','Visita de rotina','1');
Insert into AABDG07.VISITA_MAQUINA (ID_VISITA,DATA_HORA,KMS_PERCORRIDOS,OBSERVACOES,ID_MAQUINA) values ('301',to_date('25.04.04','RR.MM.DD'),'10','Visita de rotina','1');
--------------------------------------------------------
--  DDL for Index SYS_C00680282
--------------------------------------------------------

  CREATE UNIQUE INDEX "AABDG07"."SYS_C00680282" ON "AABDG07"."ARMAZEM" ("ID_ARMAZEM") 
  PCTFREE 10 INITRANS 2 MAXTRANS 255 COMPUTE STATISTICS 
  STORAGE(INITIAL 65536 NEXT 1048576 MINEXTENTS 1 MAXEXTENTS 2147483645
  PCTINCREASE 0 FREELISTS 1 FREELIST GROUPS 1 BUFFER_POOL DEFAULT FLASH_CACHE DEFAULT CELL_FLASH_CACHE DEFAULT)
  TABLESPACE "USERS" ;
--------------------------------------------------------
--  DDL for Index SYS_C00680330
--------------------------------------------------------

  CREATE UNIQUE INDEX "AABDG07"."SYS_C00680330" ON "AABDG07"."COMP_VENDA" ("ID_COMP", "ID_VENDA") 
  PCTFREE 10 INITRANS 2 MAXTRANS 255 COMPUTE STATISTICS 
  STORAGE(INITIAL 65536 NEXT 1048576 MINEXTENTS 1 MAXEXTENTS 2147483645
  PCTINCREASE 0 FREELISTS 1 FREELIST GROUPS 1 BUFFER_POOL DEFAULT FLASH_CACHE DEFAULT CELL_FLASH_CACHE DEFAULT)
  TABLESPACE "USERS" ;
--------------------------------------------------------
--  DDL for Index SYS_C00680316
--------------------------------------------------------

  CREATE UNIQUE INDEX "AABDG07"."SYS_C00680316" ON "AABDG07"."COMPARTIMENTO" ("ID_COMP") 
  PCTFREE 10 INITRANS 2 MAXTRANS 255 COMPUTE STATISTICS 
  STORAGE(INITIAL 65536 NEXT 1048576 MINEXTENTS 1 MAXEXTENTS 2147483645
  PCTINCREASE 0 FREELISTS 1 FREELIST GROUPS 1 BUFFER_POOL DEFAULT FLASH_CACHE DEFAULT CELL_FLASH_CACHE DEFAULT)
  TABLESPACE "USERS" ;
--------------------------------------------------------
--  DDL for Index SYS_C00680281
--------------------------------------------------------

  CREATE UNIQUE INDEX "AABDG07"."SYS_C00680281" ON "AABDG07"."EMPRESA" ("ID_EMPRESA") 
  PCTFREE 10 INITRANS 2 MAXTRANS 255 COMPUTE STATISTICS 
  STORAGE(INITIAL 65536 NEXT 1048576 MINEXTENTS 1 MAXEXTENTS 2147483645
  PCTINCREASE 0 FREELISTS 1 FREELIST GROUPS 1 BUFFER_POOL DEFAULT FLASH_CACHE DEFAULT CELL_FLASH_CACHE DEFAULT)
  TABLESPACE "USERS" ;
--------------------------------------------------------
--  DDL for Index SYS_C00680360
--------------------------------------------------------

  CREATE UNIQUE INDEX "AABDG07"."SYS_C00680360" ON "AABDG07"."ENCOMENDA" ("ID_ENCOMENDA") 
  PCTFREE 10 INITRANS 2 MAXTRANS 255 COMPUTE STATISTICS 
  STORAGE(INITIAL 65536 NEXT 1048576 MINEXTENTS 1 MAXEXTENTS 2147483645
  PCTINCREASE 0 FREELISTS 1 FREELIST GROUPS 1 BUFFER_POOL DEFAULT FLASH_CACHE DEFAULT CELL_FLASH_CACHE DEFAULT)
  TABLESPACE "USERS" ;
--------------------------------------------------------
--  DDL for Index SYS_C00680362
--------------------------------------------------------

  CREATE UNIQUE INDEX "AABDG07"."SYS_C00680362" ON "AABDG07"."ENCOMENDA_ARMAZEM" ("ID_ENCOMENDA", "ID_ARMAZEM") 
  PCTFREE 10 INITRANS 2 MAXTRANS 255 COMPUTE STATISTICS 
  STORAGE(INITIAL 65536 NEXT 1048576 MINEXTENTS 1 MAXEXTENTS 2147483645
  PCTINCREASE 0 FREELISTS 1 FREELIST GROUPS 1 BUFFER_POOL DEFAULT FLASH_CACHE DEFAULT CELL_FLASH_CACHE DEFAULT)
  TABLESPACE "USERS" ;
--------------------------------------------------------
--  DDL for Index SYS_C00680365
--------------------------------------------------------

  CREATE UNIQUE INDEX "AABDG07"."SYS_C00680365" ON "AABDG07"."ENCOMENDA_PRODUTO" ("ID_ENCOMENDA", "ID_PRODUTO") 
  PCTFREE 10 INITRANS 2 MAXTRANS 255 COMPUTE STATISTICS 
  STORAGE(INITIAL 65536 NEXT 1048576 MINEXTENTS 1 MAXEXTENTS 2147483645
  PCTINCREASE 0 FREELISTS 1 FREELIST GROUPS 1 BUFFER_POOL DEFAULT FLASH_CACHE DEFAULT CELL_FLASH_CACHE DEFAULT)
  TABLESPACE "USERS" ;
--------------------------------------------------------
--  DDL for Index SYS_C00680293
--------------------------------------------------------

  CREATE UNIQUE INDEX "AABDG07"."SYS_C00680293" ON "AABDG07"."ESTADO_MAQUINA" ("ID_ESTADO") 
  PCTFREE 10 INITRANS 2 MAXTRANS 255 COMPUTE STATISTICS 
  STORAGE(INITIAL 65536 NEXT 1048576 MINEXTENTS 1 MAXEXTENTS 2147483645
  PCTINCREASE 0 FREELISTS 1 FREELIST GROUPS 1 BUFFER_POOL DEFAULT FLASH_CACHE DEFAULT CELL_FLASH_CACHE DEFAULT)
  TABLESPACE "USERS" ;
--------------------------------------------------------
--  DDL for Index SYS_C00680294
--------------------------------------------------------

  CREATE UNIQUE INDEX "AABDG07"."SYS_C00680294" ON "AABDG07"."EVENTO_MAQUINA" ("ID_EVENTO") 
  PCTFREE 10 INITRANS 2 MAXTRANS 255 COMPUTE STATISTICS 
  STORAGE(INITIAL 65536 NEXT 1048576 MINEXTENTS 1 MAXEXTENTS 2147483645
  PCTINCREASE 0 FREELISTS 1 FREELIST GROUPS 1 BUFFER_POOL DEFAULT FLASH_CACHE DEFAULT CELL_FLASH_CACHE DEFAULT)
  TABLESPACE "USERS" ;
--------------------------------------------------------
--  DDL for Index SYS_C00680290
--------------------------------------------------------

  CREATE UNIQUE INDEX "AABDG07"."SYS_C00680290" ON "AABDG07"."FUNCIONARIO" ("ID_FUNCIONARIO") 
  PCTFREE 10 INITRANS 2 MAXTRANS 255 COMPUTE STATISTICS 
  STORAGE(INITIAL 65536 NEXT 1048576 MINEXTENTS 1 MAXEXTENTS 2147483645
  PCTINCREASE 0 FREELISTS 1 FREELIST GROUPS 1 BUFFER_POOL DEFAULT FLASH_CACHE DEFAULT CELL_FLASH_CACHE DEFAULT)
  TABLESPACE "USERS" ;
--------------------------------------------------------
--  DDL for Index SYS_C00680311
--------------------------------------------------------

  CREATE UNIQUE INDEX "AABDG07"."SYS_C00680311" ON "AABDG07"."HIST_CONFCOMP_PROD" ("ID_HIST") 
  PCTFREE 10 INITRANS 2 MAXTRANS 255 COMPUTE STATISTICS 
  STORAGE(INITIAL 65536 NEXT 1048576 MINEXTENTS 1 MAXEXTENTS 2147483645
  PCTINCREASE 0 FREELISTS 1 FREELIST GROUPS 1 BUFFER_POOL DEFAULT FLASH_CACHE DEFAULT CELL_FLASH_CACHE DEFAULT)
  TABLESPACE "USERS" ;
--------------------------------------------------------
--  DDL for Index SYS_C00680312
--------------------------------------------------------

  CREATE UNIQUE INDEX "AABDG07"."SYS_C00680312" ON "AABDG07"."HIST_CONFCOMP_PROD" ("ID_PRODUTO") 
  PCTFREE 10 INITRANS 2 MAXTRANS 255 COMPUTE STATISTICS 
  STORAGE(INITIAL 65536 NEXT 1048576 MINEXTENTS 1 MAXEXTENTS 2147483645
  PCTINCREASE 0 FREELISTS 1 FREELIST GROUPS 1 BUFFER_POOL DEFAULT FLASH_CACHE DEFAULT CELL_FLASH_CACHE DEFAULT)
  TABLESPACE "USERS" ;
--------------------------------------------------------
--  DDL for Index SYS_C00680309
--------------------------------------------------------

  CREATE UNIQUE INDEX "AABDG07"."SYS_C00680309" ON "AABDG07"."HISTORICO_CONFIG_COMP" ("ID_HIST") 
  PCTFREE 10 INITRANS 2 MAXTRANS 255 COMPUTE STATISTICS 
  STORAGE(INITIAL 65536 NEXT 1048576 MINEXTENTS 1 MAXEXTENTS 2147483645
  PCTINCREASE 0 FREELISTS 1 FREELIST GROUPS 1 BUFFER_POOL DEFAULT FLASH_CACHE DEFAULT CELL_FLASH_CACHE DEFAULT)
  TABLESPACE "USERS" ;
--------------------------------------------------------
--  DDL for Index SYS_C00680357
--------------------------------------------------------

  CREATE UNIQUE INDEX "AABDG07"."SYS_C00680357" ON "AABDG07"."MANUT_FUNC" ("ID_MANUTENCAO", "ID_FUNC") 
  PCTFREE 10 INITRANS 2 MAXTRANS 255 COMPUTE STATISTICS 
  STORAGE(INITIAL 65536 NEXT 1048576 MINEXTENTS 1 MAXEXTENTS 2147483645
  PCTINCREASE 0 FREELISTS 1 FREELIST GROUPS 1 BUFFER_POOL DEFAULT FLASH_CACHE DEFAULT CELL_FLASH_CACHE DEFAULT)
  TABLESPACE "USERS" ;
--------------------------------------------------------
--  DDL for Index SYS_C00680291
--------------------------------------------------------

  CREATE UNIQUE INDEX "AABDG07"."SYS_C00680291" ON "AABDG07"."MANUTENCAO" ("ID_MANUTENCAO") 
  PCTFREE 10 INITRANS 2 MAXTRANS 255 COMPUTE STATISTICS 
  STORAGE(INITIAL 65536 NEXT 1048576 MINEXTENTS 1 MAXEXTENTS 2147483645
  PCTINCREASE 0 FREELISTS 1 FREELIST GROUPS 1 BUFFER_POOL DEFAULT FLASH_CACHE DEFAULT CELL_FLASH_CACHE DEFAULT)
  TABLESPACE "USERS" ;
--------------------------------------------------------
--  DDL for Index SYS_C00680300
--------------------------------------------------------

  CREATE UNIQUE INDEX "AABDG07"."SYS_C00680300" ON "AABDG07"."MAQUINA" ("ID_MAQUINA") 
  PCTFREE 10 INITRANS 2 MAXTRANS 255 COMPUTE STATISTICS 
  STORAGE(INITIAL 65536 NEXT 1048576 MINEXTENTS 1 MAXEXTENTS 2147483645
  PCTINCREASE 0 FREELISTS 1 FREELIST GROUPS 1 BUFFER_POOL DEFAULT FLASH_CACHE DEFAULT CELL_FLASH_CACHE DEFAULT)
  TABLESPACE "USERS" ;
--------------------------------------------------------
--  DDL for Index SYS_C00680322
--------------------------------------------------------

  CREATE UNIQUE INDEX "AABDG07"."SYS_C00680322" ON "AABDG07"."MAQUINA_COMP" ("ID_MAQUINA", "ID_COMP") 
  PCTFREE 10 INITRANS 2 MAXTRANS 255 COMPUTE STATISTICS 
  STORAGE(INITIAL 65536 NEXT 1048576 MINEXTENTS 1 MAXEXTENTS 2147483645
  PCTINCREASE 0 FREELISTS 1 FREELIST GROUPS 1 BUFFER_POOL DEFAULT FLASH_CACHE DEFAULT CELL_FLASH_CACHE DEFAULT)
  TABLESPACE "USERS" ;
--------------------------------------------------------
--  DDL for Index SYS_C00680306
--------------------------------------------------------

  CREATE UNIQUE INDEX "AABDG07"."SYS_C00680306" ON "AABDG07"."MAQUINA_ESTADO" ("ID_MAQUINA", "ID_ESTADO", "DATA_HORA") 
  PCTFREE 10 INITRANS 2 MAXTRANS 255 COMPUTE STATISTICS 
  STORAGE(INITIAL 65536 NEXT 1048576 MINEXTENTS 1 MAXEXTENTS 2147483645
  PCTINCREASE 0 FREELISTS 1 FREELIST GROUPS 1 BUFFER_POOL DEFAULT FLASH_CACHE DEFAULT CELL_FLASH_CACHE DEFAULT)
  TABLESPACE "USERS" ;
--------------------------------------------------------
--  DDL for Index SYS_C00680287
--------------------------------------------------------

  CREATE UNIQUE INDEX "AABDG07"."SYS_C00680287" ON "AABDG07"."PRODUTO" ("ID_PRODUTO") 
  PCTFREE 10 INITRANS 2 MAXTRANS 255 COMPUTE STATISTICS 
  STORAGE(INITIAL 65536 NEXT 1048576 MINEXTENTS 1 MAXEXTENTS 2147483645
  PCTINCREASE 0 FREELISTS 1 FREELIST GROUPS 1 BUFFER_POOL DEFAULT FLASH_CACHE DEFAULT CELL_FLASH_CACHE DEFAULT)
  TABLESPACE "USERS" ;
--------------------------------------------------------
--  DDL for Index SYS_C00680351
--------------------------------------------------------

  CREATE UNIQUE INDEX "AABDG07"."SYS_C00680351" ON "AABDG07"."PRODUTO_VIAGEM" ("ID_VIAGEM", "ID_PRODUTO") 
  PCTFREE 10 INITRANS 2 MAXTRANS 255 COMPUTE STATISTICS 
  STORAGE(INITIAL 65536 NEXT 1048576 MINEXTENTS 1 MAXEXTENTS 2147483645
  PCTINCREASE 0 FREELISTS 1 FREELIST GROUPS 1 BUFFER_POOL DEFAULT FLASH_CACHE DEFAULT CELL_FLASH_CACHE DEFAULT)
  TABLESPACE "USERS" ;
--------------------------------------------------------
--  DDL for Index SYS_C00680289
--------------------------------------------------------

  CREATE UNIQUE INDEX "AABDG07"."SYS_C00680289" ON "AABDG07"."REABASTECIMENTO" ("ID_REAB") 
  PCTFREE 10 INITRANS 2 MAXTRANS 255 COMPUTE STATISTICS 
  STORAGE(INITIAL 65536 NEXT 1048576 MINEXTENTS 1 MAXEXTENTS 2147483645
  PCTINCREASE 0 FREELISTS 1 FREELIST GROUPS 1 BUFFER_POOL DEFAULT FLASH_CACHE DEFAULT CELL_FLASH_CACHE DEFAULT)
  TABLESPACE "USERS" ;
--------------------------------------------------------
--  DDL for Index SYS_C00680333
--------------------------------------------------------

  CREATE UNIQUE INDEX "AABDG07"."SYS_C00680333" ON "AABDG07"."ROTA" ("ID_ROTA") 
  PCTFREE 10 INITRANS 2 MAXTRANS 255 COMPUTE STATISTICS 
  STORAGE(INITIAL 65536 NEXT 1048576 MINEXTENTS 1 MAXEXTENTS 2147483645
  PCTINCREASE 0 FREELISTS 1 FREELIST GROUPS 1 BUFFER_POOL DEFAULT FLASH_CACHE DEFAULT CELL_FLASH_CACHE DEFAULT)
  TABLESPACE "USERS" ;
--------------------------------------------------------
--  DDL for Index SYS_C00680338
--------------------------------------------------------

  CREATE UNIQUE INDEX "AABDG07"."SYS_C00680338" ON "AABDG07"."ROTA_MAQUINA" ("ID_ROTA", "ID_MAQUINA") 
  PCTFREE 10 INITRANS 2 MAXTRANS 255 COMPUTE STATISTICS 
  STORAGE(INITIAL 65536 NEXT 1048576 MINEXTENTS 1 MAXEXTENTS 2147483645
  PCTINCREASE 0 FREELISTS 1 FREELIST GROUPS 1 BUFFER_POOL DEFAULT FLASH_CACHE DEFAULT CELL_FLASH_CACHE DEFAULT)
  TABLESPACE "USERS" ;
--------------------------------------------------------
--  DDL for Index SYS_C00680368
--------------------------------------------------------

  CREATE UNIQUE INDEX "AABDG07"."SYS_C00680368" ON "AABDG07"."ROTA_VIAG" ("ID_ROTA", "ID_VIAGEM") 
  PCTFREE 10 INITRANS 2 MAXTRANS 255 COMPUTE STATISTICS 
  STORAGE(INITIAL 65536 NEXT 1048576 MINEXTENTS 1 MAXEXTENTS 2147483645
  PCTINCREASE 0 FREELISTS 1 FREELIST GROUPS 1 BUFFER_POOL DEFAULT FLASH_CACHE DEFAULT CELL_FLASH_CACHE DEFAULT)
  TABLESPACE "USERS" ;
--------------------------------------------------------
--  DDL for Index SYS_C00680284
--------------------------------------------------------

  CREATE UNIQUE INDEX "AABDG07"."SYS_C00680284" ON "AABDG07"."STOCK_ARMAZEM" ("ID_STOCK") 
  PCTFREE 10 INITRANS 2 MAXTRANS 255 COMPUTE STATISTICS 
  STORAGE(INITIAL 65536 NEXT 1048576 MINEXTENTS 1 MAXEXTENTS 2147483645
  PCTINCREASE 0 FREELISTS 1 FREELIST GROUPS 1 BUFFER_POOL DEFAULT FLASH_CACHE DEFAULT CELL_FLASH_CACHE DEFAULT)
  TABLESPACE "USERS" ;
--------------------------------------------------------
--  DDL for Index SYS_C00680347
--------------------------------------------------------

  CREATE UNIQUE INDEX "AABDG07"."SYS_C00680347" ON "AABDG07"."VEICULO" ("ID_VEICULO") 
  PCTFREE 10 INITRANS 2 MAXTRANS 255 COMPUTE STATISTICS 
  STORAGE(INITIAL 65536 NEXT 1048576 MINEXTENTS 1 MAXEXTENTS 2147483645
  PCTINCREASE 0 FREELISTS 1 FREELIST GROUPS 1 BUFFER_POOL DEFAULT FLASH_CACHE DEFAULT CELL_FLASH_CACHE DEFAULT)
  TABLESPACE "USERS" ;
--------------------------------------------------------
--  DDL for Index SYS_C00680326
--------------------------------------------------------

  CREATE UNIQUE INDEX "AABDG07"."SYS_C00680326" ON "AABDG07"."VENDA" ("ID_VENDA") 
  PCTFREE 10 INITRANS 2 MAXTRANS 255 COMPUTE STATISTICS 
  STORAGE(INITIAL 65536 NEXT 1048576 MINEXTENTS 1 MAXEXTENTS 2147483645
  PCTINCREASE 0 FREELISTS 1 FREELIST GROUPS 1 BUFFER_POOL DEFAULT FLASH_CACHE DEFAULT CELL_FLASH_CACHE DEFAULT)
  TABLESPACE "USERS" ;
--------------------------------------------------------
--  DDL for Index SYS_C00680343
--------------------------------------------------------

  CREATE UNIQUE INDEX "AABDG07"."SYS_C00680343" ON "AABDG07"."VIAGEM" ("ID_VIAGEM") 
  PCTFREE 10 INITRANS 2 MAXTRANS 255 COMPUTE STATISTICS 
  STORAGE(INITIAL 65536 NEXT 1048576 MINEXTENTS 1 MAXEXTENTS 2147483645
  PCTINCREASE 0 FREELISTS 1 FREELIST GROUPS 1 BUFFER_POOL DEFAULT FLASH_CACHE DEFAULT CELL_FLASH_CACHE DEFAULT)
  TABLESPACE "USERS" ;
--------------------------------------------------------
--  DDL for Index SYS_C00680354
--------------------------------------------------------

  CREATE UNIQUE INDEX "AABDG07"."SYS_C00680354" ON "AABDG07"."VIAGEM_FUNC" ("ID_VIAGEM", "ID_FUNC") 
  PCTFREE 10 INITRANS 2 MAXTRANS 255 COMPUTE STATISTICS 
  STORAGE(INITIAL 65536 NEXT 1048576 MINEXTENTS 1 MAXEXTENTS 2147483645
  PCTINCREASE 0 FREELISTS 1 FREELIST GROUPS 1 BUFFER_POOL DEFAULT FLASH_CACHE DEFAULT CELL_FLASH_CACHE DEFAULT)
  TABLESPACE "USERS" ;
--------------------------------------------------------
--  DDL for Index SYS_C00680292
--------------------------------------------------------

  CREATE UNIQUE INDEX "AABDG07"."SYS_C00680292" ON "AABDG07"."VISITA_MAQUINA" ("ID_VISITA") 
  PCTFREE 10 INITRANS 2 MAXTRANS 255 COMPUTE STATISTICS 
  STORAGE(INITIAL 65536 NEXT 1048576 MINEXTENTS 1 MAXEXTENTS 2147483645
  PCTINCREASE 0 FREELISTS 1 FREELIST GROUPS 1 BUFFER_POOL DEFAULT FLASH_CACHE DEFAULT CELL_FLASH_CACHE DEFAULT)
  TABLESPACE "USERS" ;
--------------------------------------------------------
--  Constraints for Table ARMAZEM
--------------------------------------------------------

  ALTER TABLE "AABDG07"."ARMAZEM" ADD PRIMARY KEY ("ID_ARMAZEM")
  USING INDEX PCTFREE 10 INITRANS 2 MAXTRANS 255 COMPUTE STATISTICS 
  STORAGE(INITIAL 65536 NEXT 1048576 MINEXTENTS 1 MAXEXTENTS 2147483645
  PCTINCREASE 0 FREELISTS 1 FREELIST GROUPS 1 BUFFER_POOL DEFAULT FLASH_CACHE DEFAULT CELL_FLASH_CACHE DEFAULT)
  TABLESPACE "USERS"  ENABLE;
--------------------------------------------------------
--  Constraints for Table COMP_VENDA
--------------------------------------------------------

  ALTER TABLE "AABDG07"."COMP_VENDA" MODIFY ("ID_COMP" NOT NULL ENABLE);
 
  ALTER TABLE "AABDG07"."COMP_VENDA" MODIFY ("ID_VENDA" NOT NULL ENABLE);
 
  ALTER TABLE "AABDG07"."COMP_VENDA" ADD PRIMARY KEY ("ID_COMP", "ID_VENDA")
  USING INDEX PCTFREE 10 INITRANS 2 MAXTRANS 255 COMPUTE STATISTICS 
  STORAGE(INITIAL 65536 NEXT 1048576 MINEXTENTS 1 MAXEXTENTS 2147483645
  PCTINCREASE 0 FREELISTS 1 FREELIST GROUPS 1 BUFFER_POOL DEFAULT FLASH_CACHE DEFAULT CELL_FLASH_CACHE DEFAULT)
  TABLESPACE "USERS"  ENABLE;
--------------------------------------------------------
--  Constraints for Table COMPARTIMENTO
--------------------------------------------------------

  ALTER TABLE "AABDG07"."COMPARTIMENTO" MODIFY ("ID_PRODUTO" NOT NULL ENABLE);
 
  ALTER TABLE "AABDG07"."COMPARTIMENTO" ADD PRIMARY KEY ("ID_COMP")
  USING INDEX PCTFREE 10 INITRANS 2 MAXTRANS 255 COMPUTE STATISTICS 
  STORAGE(INITIAL 65536 NEXT 1048576 MINEXTENTS 1 MAXEXTENTS 2147483645
  PCTINCREASE 0 FREELISTS 1 FREELIST GROUPS 1 BUFFER_POOL DEFAULT FLASH_CACHE DEFAULT CELL_FLASH_CACHE DEFAULT)
  TABLESPACE "USERS"  ENABLE;
--------------------------------------------------------
--  Constraints for Table EMPRESA
--------------------------------------------------------

  ALTER TABLE "AABDG07"."EMPRESA" ADD PRIMARY KEY ("ID_EMPRESA")
  USING INDEX PCTFREE 10 INITRANS 2 MAXTRANS 255 COMPUTE STATISTICS 
  STORAGE(INITIAL 65536 NEXT 1048576 MINEXTENTS 1 MAXEXTENTS 2147483645
  PCTINCREASE 0 FREELISTS 1 FREELIST GROUPS 1 BUFFER_POOL DEFAULT FLASH_CACHE DEFAULT CELL_FLASH_CACHE DEFAULT)
  TABLESPACE "USERS"  ENABLE;
--------------------------------------------------------
--  Constraints for Table ENCOMENDA
--------------------------------------------------------

  ALTER TABLE "AABDG07"."ENCOMENDA" ADD PRIMARY KEY ("ID_ENCOMENDA")
  USING INDEX PCTFREE 10 INITRANS 2 MAXTRANS 255 COMPUTE STATISTICS 
  STORAGE(INITIAL 65536 NEXT 1048576 MINEXTENTS 1 MAXEXTENTS 2147483645
  PCTINCREASE 0 FREELISTS 1 FREELIST GROUPS 1 BUFFER_POOL DEFAULT FLASH_CACHE DEFAULT CELL_FLASH_CACHE DEFAULT)
  TABLESPACE "USERS"  ENABLE;
--------------------------------------------------------
--  Constraints for Table ENCOMENDA_ARMAZEM
--------------------------------------------------------

  ALTER TABLE "AABDG07"."ENCOMENDA_ARMAZEM" MODIFY ("ID_ARMAZEM" NOT NULL ENABLE);
 
  ALTER TABLE "AABDG07"."ENCOMENDA_ARMAZEM" ADD PRIMARY KEY ("ID_ENCOMENDA", "ID_ARMAZEM")
  USING INDEX PCTFREE 10 INITRANS 2 MAXTRANS 255 COMPUTE STATISTICS 
  STORAGE(INITIAL 65536 NEXT 1048576 MINEXTENTS 1 MAXEXTENTS 2147483645
  PCTINCREASE 0 FREELISTS 1 FREELIST GROUPS 1 BUFFER_POOL DEFAULT FLASH_CACHE DEFAULT CELL_FLASH_CACHE DEFAULT)
  TABLESPACE "USERS"  ENABLE;
--------------------------------------------------------
--  Constraints for Table ENCOMENDA_PRODUTO
--------------------------------------------------------

  ALTER TABLE "AABDG07"."ENCOMENDA_PRODUTO" ADD PRIMARY KEY ("ID_ENCOMENDA", "ID_PRODUTO")
  USING INDEX PCTFREE 10 INITRANS 2 MAXTRANS 255 COMPUTE STATISTICS 
  STORAGE(INITIAL 65536 NEXT 1048576 MINEXTENTS 1 MAXEXTENTS 2147483645
  PCTINCREASE 0 FREELISTS 1 FREELIST GROUPS 1 BUFFER_POOL DEFAULT FLASH_CACHE DEFAULT CELL_FLASH_CACHE DEFAULT)
  TABLESPACE "USERS"  ENABLE;
--------------------------------------------------------
--  Constraints for Table ESTADO_MAQUINA
--------------------------------------------------------

  ALTER TABLE "AABDG07"."ESTADO_MAQUINA" ADD PRIMARY KEY ("ID_ESTADO")
  USING INDEX PCTFREE 10 INITRANS 2 MAXTRANS 255 COMPUTE STATISTICS 
  STORAGE(INITIAL 65536 NEXT 1048576 MINEXTENTS 1 MAXEXTENTS 2147483645
  PCTINCREASE 0 FREELISTS 1 FREELIST GROUPS 1 BUFFER_POOL DEFAULT FLASH_CACHE DEFAULT CELL_FLASH_CACHE DEFAULT)
  TABLESPACE "USERS"  ENABLE;
--------------------------------------------------------
--  Constraints for Table EVENTO_MAQUINA
--------------------------------------------------------

  ALTER TABLE "AABDG07"."EVENTO_MAQUINA" ADD PRIMARY KEY ("ID_EVENTO")
  USING INDEX PCTFREE 10 INITRANS 2 MAXTRANS 255 COMPUTE STATISTICS 
  STORAGE(INITIAL 65536 NEXT 1048576 MINEXTENTS 1 MAXEXTENTS 2147483645
  PCTINCREASE 0 FREELISTS 1 FREELIST GROUPS 1 BUFFER_POOL DEFAULT FLASH_CACHE DEFAULT CELL_FLASH_CACHE DEFAULT)
  TABLESPACE "USERS"  ENABLE;
--------------------------------------------------------
--  Constraints for Table FUNCIONARIO
--------------------------------------------------------

  ALTER TABLE "AABDG07"."FUNCIONARIO" ADD PRIMARY KEY ("ID_FUNCIONARIO")
  USING INDEX PCTFREE 10 INITRANS 2 MAXTRANS 255 COMPUTE STATISTICS 
  STORAGE(INITIAL 65536 NEXT 1048576 MINEXTENTS 1 MAXEXTENTS 2147483645
  PCTINCREASE 0 FREELISTS 1 FREELIST GROUPS 1 BUFFER_POOL DEFAULT FLASH_CACHE DEFAULT CELL_FLASH_CACHE DEFAULT)
  TABLESPACE "USERS"  ENABLE;
--------------------------------------------------------
--  Constraints for Table HIST_CONFCOMP_PROD
--------------------------------------------------------

  ALTER TABLE "AABDG07"."HIST_CONFCOMP_PROD" MODIFY ("ID_PRODUTO" NOT NULL ENABLE);
 
  ALTER TABLE "AABDG07"."HIST_CONFCOMP_PROD" ADD PRIMARY KEY ("ID_HIST")
  USING INDEX PCTFREE 10 INITRANS 2 MAXTRANS 255 COMPUTE STATISTICS 
  STORAGE(INITIAL 65536 NEXT 1048576 MINEXTENTS 1 MAXEXTENTS 2147483645
  PCTINCREASE 0 FREELISTS 1 FREELIST GROUPS 1 BUFFER_POOL DEFAULT FLASH_CACHE DEFAULT CELL_FLASH_CACHE DEFAULT)
  TABLESPACE "USERS"  ENABLE;
 
  ALTER TABLE "AABDG07"."HIST_CONFCOMP_PROD" ADD UNIQUE ("ID_PRODUTO")
  USING INDEX PCTFREE 10 INITRANS 2 MAXTRANS 255 COMPUTE STATISTICS 
  STORAGE(INITIAL 65536 NEXT 1048576 MINEXTENTS 1 MAXEXTENTS 2147483645
  PCTINCREASE 0 FREELISTS 1 FREELIST GROUPS 1 BUFFER_POOL DEFAULT FLASH_CACHE DEFAULT CELL_FLASH_CACHE DEFAULT)
  TABLESPACE "USERS"  ENABLE;
--------------------------------------------------------
--  Constraints for Table HISTORICO_CONFIG_COMP
--------------------------------------------------------

  ALTER TABLE "AABDG07"."HISTORICO_CONFIG_COMP" ADD PRIMARY KEY ("ID_HIST")
  USING INDEX PCTFREE 10 INITRANS 2 MAXTRANS 255 COMPUTE STATISTICS 
  STORAGE(INITIAL 65536 NEXT 1048576 MINEXTENTS 1 MAXEXTENTS 2147483645
  PCTINCREASE 0 FREELISTS 1 FREELIST GROUPS 1 BUFFER_POOL DEFAULT FLASH_CACHE DEFAULT CELL_FLASH_CACHE DEFAULT)
  TABLESPACE "USERS"  ENABLE;
--------------------------------------------------------
--  Constraints for Table MANUT_FUNC
--------------------------------------------------------

  ALTER TABLE "AABDG07"."MANUT_FUNC" ADD PRIMARY KEY ("ID_MANUTENCAO", "ID_FUNC")
  USING INDEX PCTFREE 10 INITRANS 2 MAXTRANS 255 COMPUTE STATISTICS 
  STORAGE(INITIAL 65536 NEXT 1048576 MINEXTENTS 1 MAXEXTENTS 2147483645
  PCTINCREASE 0 FREELISTS 1 FREELIST GROUPS 1 BUFFER_POOL DEFAULT FLASH_CACHE DEFAULT CELL_FLASH_CACHE DEFAULT)
  TABLESPACE "USERS"  ENABLE;
--------------------------------------------------------
--  Constraints for Table MANUTENCAO
--------------------------------------------------------

  ALTER TABLE "AABDG07"."MANUTENCAO" ADD PRIMARY KEY ("ID_MANUTENCAO")
  USING INDEX PCTFREE 10 INITRANS 2 MAXTRANS 255 COMPUTE STATISTICS 
  STORAGE(INITIAL 65536 NEXT 1048576 MINEXTENTS 1 MAXEXTENTS 2147483645
  PCTINCREASE 0 FREELISTS 1 FREELIST GROUPS 1 BUFFER_POOL DEFAULT FLASH_CACHE DEFAULT CELL_FLASH_CACHE DEFAULT)
  TABLESPACE "USERS"  ENABLE;
--------------------------------------------------------
--  Constraints for Table MAQUINA
--------------------------------------------------------

  ALTER TABLE "AABDG07"."MAQUINA" MODIFY ("ID_VISITA" NOT NULL ENABLE);
 
  ALTER TABLE "AABDG07"."MAQUINA" MODIFY ("ID_EVENTO" NOT NULL ENABLE);
 
  ALTER TABLE "AABDG07"."MAQUINA" MODIFY ("ID_ESTADO" NOT NULL ENABLE);
 
  ALTER TABLE "AABDG07"."MAQUINA" MODIFY ("ID_MANUTENCAO" NOT NULL ENABLE);
 
  ALTER TABLE "AABDG07"."MAQUINA" MODIFY ("ID_EMPRESA" NOT NULL ENABLE);
 
  ALTER TABLE "AABDG07"."MAQUINA" ADD PRIMARY KEY ("ID_MAQUINA")
  USING INDEX PCTFREE 10 INITRANS 2 MAXTRANS 255 COMPUTE STATISTICS 
  STORAGE(INITIAL 65536 NEXT 1048576 MINEXTENTS 1 MAXEXTENTS 2147483645
  PCTINCREASE 0 FREELISTS 1 FREELIST GROUPS 1 BUFFER_POOL DEFAULT FLASH_CACHE DEFAULT CELL_FLASH_CACHE DEFAULT)
  TABLESPACE "USERS"  ENABLE;
--------------------------------------------------------
--  Constraints for Table MAQUINA_COMP
--------------------------------------------------------

  ALTER TABLE "AABDG07"."MAQUINA_COMP" MODIFY ("ID_MAQUINA" NOT NULL ENABLE);
 
  ALTER TABLE "AABDG07"."MAQUINA_COMP" MODIFY ("ID_COMP" NOT NULL ENABLE);
 
  ALTER TABLE "AABDG07"."MAQUINA_COMP" ADD PRIMARY KEY ("ID_MAQUINA", "ID_COMP")
  USING INDEX PCTFREE 10 INITRANS 2 MAXTRANS 255 COMPUTE STATISTICS 
  STORAGE(INITIAL 65536 NEXT 1048576 MINEXTENTS 1 MAXEXTENTS 2147483645
  PCTINCREASE 0 FREELISTS 1 FREELIST GROUPS 1 BUFFER_POOL DEFAULT FLASH_CACHE DEFAULT CELL_FLASH_CACHE DEFAULT)
  TABLESPACE "USERS"  ENABLE;
--------------------------------------------------------
--  Constraints for Table MAQUINA_ESTADO
--------------------------------------------------------

  ALTER TABLE "AABDG07"."MAQUINA_ESTADO" ADD CONSTRAINT "CHK_ESTADO" CHECK (estado IN ('operacional', 'inoperacional')) ENABLE;
 
  ALTER TABLE "AABDG07"."MAQUINA_ESTADO" ADD PRIMARY KEY ("ID_MAQUINA", "ID_ESTADO", "DATA_HORA")
  USING INDEX PCTFREE 10 INITRANS 2 MAXTRANS 255 COMPUTE STATISTICS 
  STORAGE(INITIAL 65536 NEXT 1048576 MINEXTENTS 1 MAXEXTENTS 2147483645
  PCTINCREASE 0 FREELISTS 1 FREELIST GROUPS 1 BUFFER_POOL DEFAULT FLASH_CACHE DEFAULT CELL_FLASH_CACHE DEFAULT)
  TABLESPACE "USERS"  ENABLE;
--------------------------------------------------------
--  Constraints for Table PRODUTO
--------------------------------------------------------

  ALTER TABLE "AABDG07"."PRODUTO" ADD PRIMARY KEY ("ID_PRODUTO")
  USING INDEX PCTFREE 10 INITRANS 2 MAXTRANS 255 COMPUTE STATISTICS 
  STORAGE(INITIAL 65536 NEXT 1048576 MINEXTENTS 1 MAXEXTENTS 2147483645
  PCTINCREASE 0 FREELISTS 1 FREELIST GROUPS 1 BUFFER_POOL DEFAULT FLASH_CACHE DEFAULT CELL_FLASH_CACHE DEFAULT)
  TABLESPACE "USERS"  ENABLE;
--------------------------------------------------------
--  Constraints for Table PRODUTO_VIAGEM
--------------------------------------------------------

  ALTER TABLE "AABDG07"."PRODUTO_VIAGEM" MODIFY ("ID_VIAGEM" NOT NULL ENABLE);
 
  ALTER TABLE "AABDG07"."PRODUTO_VIAGEM" MODIFY ("ID_PRODUTO" NOT NULL ENABLE);
 
  ALTER TABLE "AABDG07"."PRODUTO_VIAGEM" ADD PRIMARY KEY ("ID_VIAGEM", "ID_PRODUTO")
  USING INDEX PCTFREE 10 INITRANS 2 MAXTRANS 255 COMPUTE STATISTICS 
  STORAGE(INITIAL 65536 NEXT 1048576 MINEXTENTS 1 MAXEXTENTS 2147483645
  PCTINCREASE 0 FREELISTS 1 FREELIST GROUPS 1 BUFFER_POOL DEFAULT FLASH_CACHE DEFAULT CELL_FLASH_CACHE DEFAULT)
  TABLESPACE "USERS"  ENABLE;
 
  ALTER TABLE "AABDG07"."PRODUTO_VIAGEM" MODIFY ("ID_ARMAZEM" NOT NULL ENABLE);
--------------------------------------------------------
--  Constraints for Table REABASTECIMENTO
--------------------------------------------------------

  ALTER TABLE "AABDG07"."REABASTECIMENTO" ADD PRIMARY KEY ("ID_REAB")
  USING INDEX PCTFREE 10 INITRANS 2 MAXTRANS 255 COMPUTE STATISTICS 
  STORAGE(INITIAL 65536 NEXT 1048576 MINEXTENTS 1 MAXEXTENTS 2147483645
  PCTINCREASE 0 FREELISTS 1 FREELIST GROUPS 1 BUFFER_POOL DEFAULT FLASH_CACHE DEFAULT CELL_FLASH_CACHE DEFAULT)
  TABLESPACE "USERS"  ENABLE;
--------------------------------------------------------
--  Constraints for Table ROTA
--------------------------------------------------------

  ALTER TABLE "AABDG07"."ROTA" ADD PRIMARY KEY ("ID_ROTA")
  USING INDEX PCTFREE 10 INITRANS 2 MAXTRANS 255 COMPUTE STATISTICS 
  STORAGE(INITIAL 65536 NEXT 1048576 MINEXTENTS 1 MAXEXTENTS 2147483645
  PCTINCREASE 0 FREELISTS 1 FREELIST GROUPS 1 BUFFER_POOL DEFAULT FLASH_CACHE DEFAULT CELL_FLASH_CACHE DEFAULT)
  TABLESPACE "USERS"  ENABLE;
--------------------------------------------------------
--  Constraints for Table ROTA_MAQUINA
--------------------------------------------------------

  ALTER TABLE "AABDG07"."ROTA_MAQUINA" MODIFY ("ID_ROTA" NOT NULL ENABLE);
 
  ALTER TABLE "AABDG07"."ROTA_MAQUINA" MODIFY ("ID_MAQUINA" NOT NULL ENABLE);
 
  ALTER TABLE "AABDG07"."ROTA_MAQUINA" ADD PRIMARY KEY ("ID_ROTA", "ID_MAQUINA")
  USING INDEX PCTFREE 10 INITRANS 2 MAXTRANS 255 COMPUTE STATISTICS 
  STORAGE(INITIAL 65536 NEXT 1048576 MINEXTENTS 1 MAXEXTENTS 2147483645
  PCTINCREASE 0 FREELISTS 1 FREELIST GROUPS 1 BUFFER_POOL DEFAULT FLASH_CACHE DEFAULT CELL_FLASH_CACHE DEFAULT)
  TABLESPACE "USERS"  ENABLE;
--------------------------------------------------------
--  Constraints for Table ROTA_VIAG
--------------------------------------------------------

  ALTER TABLE "AABDG07"."ROTA_VIAG" ADD PRIMARY KEY ("ID_ROTA", "ID_VIAGEM")
  USING INDEX PCTFREE 10 INITRANS 2 MAXTRANS 255 COMPUTE STATISTICS 
  STORAGE(INITIAL 65536 NEXT 1048576 MINEXTENTS 1 MAXEXTENTS 2147483645
  PCTINCREASE 0 FREELISTS 1 FREELIST GROUPS 1 BUFFER_POOL DEFAULT FLASH_CACHE DEFAULT CELL_FLASH_CACHE DEFAULT)
  TABLESPACE "USERS"  ENABLE;
--------------------------------------------------------
--  Constraints for Table STOCK_ARMAZEM
--------------------------------------------------------

  ALTER TABLE "AABDG07"."STOCK_ARMAZEM" MODIFY ("ID_ARMAZEM" NOT NULL ENABLE);
 
  ALTER TABLE "AABDG07"."STOCK_ARMAZEM" ADD PRIMARY KEY ("ID_STOCK")
  USING INDEX PCTFREE 10 INITRANS 2 MAXTRANS 255 COMPUTE STATISTICS 
  STORAGE(INITIAL 65536 NEXT 1048576 MINEXTENTS 1 MAXEXTENTS 2147483645
  PCTINCREASE 0 FREELISTS 1 FREELIST GROUPS 1 BUFFER_POOL DEFAULT FLASH_CACHE DEFAULT CELL_FLASH_CACHE DEFAULT)
  TABLESPACE "USERS"  ENABLE;
 
  ALTER TABLE "AABDG07"."STOCK_ARMAZEM" MODIFY ("ID_PRODUTO" NOT NULL ENABLE);
--------------------------------------------------------
--  Constraints for Table VEICULO
--------------------------------------------------------

  ALTER TABLE "AABDG07"."VEICULO" MODIFY ("ID_VIAGEM" NOT NULL ENABLE);
 
  ALTER TABLE "AABDG07"."VEICULO" ADD PRIMARY KEY ("ID_VEICULO")
  USING INDEX PCTFREE 10 INITRANS 2 MAXTRANS 255 COMPUTE STATISTICS 
  STORAGE(INITIAL 65536 NEXT 1048576 MINEXTENTS 1 MAXEXTENTS 2147483645
  PCTINCREASE 0 FREELISTS 1 FREELIST GROUPS 1 BUFFER_POOL DEFAULT FLASH_CACHE DEFAULT CELL_FLASH_CACHE DEFAULT)
  TABLESPACE "USERS"  ENABLE;
--------------------------------------------------------
--  Constraints for Table VENDA
--------------------------------------------------------

  ALTER TABLE "AABDG07"."VENDA" MODIFY ("ID_MAQUINA" NOT NULL ENABLE);
 
  ALTER TABLE "AABDG07"."VENDA" ADD PRIMARY KEY ("ID_VENDA")
  USING INDEX PCTFREE 10 INITRANS 2 MAXTRANS 255 COMPUTE STATISTICS 
  STORAGE(INITIAL 65536 NEXT 1048576 MINEXTENTS 1 MAXEXTENTS 2147483645
  PCTINCREASE 0 FREELISTS 1 FREELIST GROUPS 1 BUFFER_POOL DEFAULT FLASH_CACHE DEFAULT CELL_FLASH_CACHE DEFAULT)
  TABLESPACE "USERS"  ENABLE;
--------------------------------------------------------
--  Constraints for Table VIAGEM
--------------------------------------------------------

  ALTER TABLE "AABDG07"."VIAGEM" MODIFY ("ID_VISITA" NOT NULL ENABLE);
 
  ALTER TABLE "AABDG07"."VIAGEM" MODIFY ("ID_REAB" NOT NULL ENABLE);
 
  ALTER TABLE "AABDG07"."VIAGEM" ADD PRIMARY KEY ("ID_VIAGEM")
  USING INDEX PCTFREE 10 INITRANS 2 MAXTRANS 255 COMPUTE STATISTICS 
  STORAGE(INITIAL 65536 NEXT 1048576 MINEXTENTS 1 MAXEXTENTS 2147483645
  PCTINCREASE 0 FREELISTS 1 FREELIST GROUPS 1 BUFFER_POOL DEFAULT FLASH_CACHE DEFAULT CELL_FLASH_CACHE DEFAULT)
  TABLESPACE "USERS"  ENABLE;
--------------------------------------------------------
--  Constraints for Table VIAGEM_FUNC
--------------------------------------------------------

  ALTER TABLE "AABDG07"."VIAGEM_FUNC" ADD PRIMARY KEY ("ID_VIAGEM", "ID_FUNC")
  USING INDEX PCTFREE 10 INITRANS 2 MAXTRANS 255 COMPUTE STATISTICS 
  STORAGE(INITIAL 65536 NEXT 1048576 MINEXTENTS 1 MAXEXTENTS 2147483645
  PCTINCREASE 0 FREELISTS 1 FREELIST GROUPS 1 BUFFER_POOL DEFAULT FLASH_CACHE DEFAULT CELL_FLASH_CACHE DEFAULT)
  TABLESPACE "USERS"  ENABLE;
--------------------------------------------------------
--  Constraints for Table VISITA_MAQUINA
--------------------------------------------------------

  ALTER TABLE "AABDG07"."VISITA_MAQUINA" ADD PRIMARY KEY ("ID_VISITA")
  USING INDEX PCTFREE 10 INITRANS 2 MAXTRANS 255 COMPUTE STATISTICS 
  STORAGE(INITIAL 65536 NEXT 1048576 MINEXTENTS 1 MAXEXTENTS 2147483645
  PCTINCREASE 0 FREELISTS 1 FREELIST GROUPS 1 BUFFER_POOL DEFAULT FLASH_CACHE DEFAULT CELL_FLASH_CACHE DEFAULT)
  TABLESPACE "USERS"  ENABLE;
--------------------------------------------------------
--  Ref Constraints for Table COMP_VENDA
--------------------------------------------------------

  ALTER TABLE "AABDG07"."COMP_VENDA" ADD FOREIGN KEY ("ID_COMP")
	  REFERENCES "AABDG07"."COMPARTIMENTO" ("ID_COMP") ENABLE;
 
  ALTER TABLE "AABDG07"."COMP_VENDA" ADD FOREIGN KEY ("ID_VENDA")
	  REFERENCES "AABDG07"."VENDA" ("ID_VENDA") ENABLE;
--------------------------------------------------------
--  Ref Constraints for Table COMPARTIMENTO
--------------------------------------------------------

  ALTER TABLE "AABDG07"."COMPARTIMENTO" ADD FOREIGN KEY ("ID_HIST_CONFIG")
	  REFERENCES "AABDG07"."HISTORICO_CONFIG_COMP" ("ID_HIST") ENABLE;
 
  ALTER TABLE "AABDG07"."COMPARTIMENTO" ADD FOREIGN KEY ("ID_REAB")
	  REFERENCES "AABDG07"."REABASTECIMENTO" ("ID_REAB") ENABLE;
 
  ALTER TABLE "AABDG07"."COMPARTIMENTO" ADD FOREIGN KEY ("ID_PRODUTO")
	  REFERENCES "AABDG07"."PRODUTO" ("ID_PRODUTO") ENABLE;
--------------------------------------------------------
--  Ref Constraints for Table ENCOMENDA_ARMAZEM
--------------------------------------------------------

  ALTER TABLE "AABDG07"."ENCOMENDA_ARMAZEM" ADD FOREIGN KEY ("ID_ENCOMENDA")
	  REFERENCES "AABDG07"."ENCOMENDA" ("ID_ENCOMENDA") ENABLE;
 
  ALTER TABLE "AABDG07"."ENCOMENDA_ARMAZEM" ADD FOREIGN KEY ("ID_ARMAZEM")
	  REFERENCES "AABDG07"."ARMAZEM" ("ID_ARMAZEM") ENABLE;
--------------------------------------------------------
--  Ref Constraints for Table ENCOMENDA_PRODUTO
--------------------------------------------------------

  ALTER TABLE "AABDG07"."ENCOMENDA_PRODUTO" ADD FOREIGN KEY ("ID_ENCOMENDA")
	  REFERENCES "AABDG07"."ENCOMENDA" ("ID_ENCOMENDA") ENABLE;
 
  ALTER TABLE "AABDG07"."ENCOMENDA_PRODUTO" ADD FOREIGN KEY ("ID_PRODUTO")
	  REFERENCES "AABDG07"."PRODUTO" ("ID_PRODUTO") ENABLE;
--------------------------------------------------------
--  Ref Constraints for Table HIST_CONFCOMP_PROD
--------------------------------------------------------

  ALTER TABLE "AABDG07"."HIST_CONFCOMP_PROD" ADD FOREIGN KEY ("ID_HIST")
	  REFERENCES "AABDG07"."HISTORICO_CONFIG_COMP" ("ID_HIST") ENABLE;
 
  ALTER TABLE "AABDG07"."HIST_CONFCOMP_PROD" ADD FOREIGN KEY ("ID_PRODUTO")
	  REFERENCES "AABDG07"."PRODUTO" ("ID_PRODUTO") ENABLE;
--------------------------------------------------------
--  Ref Constraints for Table MANUT_FUNC
--------------------------------------------------------

  ALTER TABLE "AABDG07"."MANUT_FUNC" ADD FOREIGN KEY ("ID_MANUTENCAO")
	  REFERENCES "AABDG07"."MANUTENCAO" ("ID_MANUTENCAO") ENABLE;
 
  ALTER TABLE "AABDG07"."MANUT_FUNC" ADD FOREIGN KEY ("ID_FUNC")
	  REFERENCES "AABDG07"."FUNCIONARIO" ("ID_FUNCIONARIO") ENABLE;
--------------------------------------------------------
--  Ref Constraints for Table MAQUINA
--------------------------------------------------------

  ALTER TABLE "AABDG07"."MAQUINA" ADD FOREIGN KEY ("ID_VISITA")
	  REFERENCES "AABDG07"."VISITA_MAQUINA" ("ID_VISITA") ENABLE;
 
  ALTER TABLE "AABDG07"."MAQUINA" ADD FOREIGN KEY ("ID_EVENTO")
	  REFERENCES "AABDG07"."EVENTO_MAQUINA" ("ID_EVENTO") ENABLE;
 
  ALTER TABLE "AABDG07"."MAQUINA" ADD FOREIGN KEY ("ID_ESTADO")
	  REFERENCES "AABDG07"."ESTADO_MAQUINA" ("ID_ESTADO") ENABLE;
 
  ALTER TABLE "AABDG07"."MAQUINA" ADD FOREIGN KEY ("ID_MANUTENCAO")
	  REFERENCES "AABDG07"."MANUTENCAO" ("ID_MANUTENCAO") ENABLE;
 
  ALTER TABLE "AABDG07"."MAQUINA" ADD FOREIGN KEY ("ID_EMPRESA")
	  REFERENCES "AABDG07"."EMPRESA" ("ID_EMPRESA") ENABLE;
--------------------------------------------------------
--  Ref Constraints for Table MAQUINA_COMP
--------------------------------------------------------

  ALTER TABLE "AABDG07"."MAQUINA_COMP" ADD FOREIGN KEY ("ID_MAQUINA")
	  REFERENCES "AABDG07"."MAQUINA" ("ID_MAQUINA") ENABLE;
 
  ALTER TABLE "AABDG07"."MAQUINA_COMP" ADD FOREIGN KEY ("ID_COMP")
	  REFERENCES "AABDG07"."COMPARTIMENTO" ("ID_COMP") ENABLE;
--------------------------------------------------------
--  Ref Constraints for Table MAQUINA_ESTADO
--------------------------------------------------------

  ALTER TABLE "AABDG07"."MAQUINA_ESTADO" ADD FOREIGN KEY ("ID_MAQUINA")
	  REFERENCES "AABDG07"."MAQUINA" ("ID_MAQUINA") ENABLE;
 
  ALTER TABLE "AABDG07"."MAQUINA_ESTADO" ADD FOREIGN KEY ("ID_ESTADO")
	  REFERENCES "AABDG07"."ESTADO_MAQUINA" ("ID_ESTADO") ENABLE;
--------------------------------------------------------
--  Ref Constraints for Table PRODUTO_VIAGEM
--------------------------------------------------------

  ALTER TABLE "AABDG07"."PRODUTO_VIAGEM" ADD FOREIGN KEY ("ID_VIAGEM")
	  REFERENCES "AABDG07"."VIAGEM" ("ID_VIAGEM") ENABLE;
 
  ALTER TABLE "AABDG07"."PRODUTO_VIAGEM" ADD FOREIGN KEY ("ID_PRODUTO")
	  REFERENCES "AABDG07"."PRODUTO" ("ID_PRODUTO") ENABLE;
 
  ALTER TABLE "AABDG07"."PRODUTO_VIAGEM" ADD FOREIGN KEY ("ID_ARMAZEM")
	  REFERENCES "AABDG07"."ARMAZEM" ("ID_ARMAZEM") ENABLE;
--------------------------------------------------------
--  Ref Constraints for Table ROTA
--------------------------------------------------------

  ALTER TABLE "AABDG07"."ROTA" ADD FOREIGN KEY ("ID_ARMA_PARTIDA")
	  REFERENCES "AABDG07"."ARMAZEM" ("ID_ARMAZEM") ENABLE;
 
  ALTER TABLE "AABDG07"."ROTA" ADD FOREIGN KEY ("ID_ARMA_DESTINO")
	  REFERENCES "AABDG07"."ARMAZEM" ("ID_ARMAZEM") ENABLE;
--------------------------------------------------------
--  Ref Constraints for Table ROTA_MAQUINA
--------------------------------------------------------

  ALTER TABLE "AABDG07"."ROTA_MAQUINA" ADD FOREIGN KEY ("ID_ROTA")
	  REFERENCES "AABDG07"."ROTA" ("ID_ROTA") ENABLE;
 
  ALTER TABLE "AABDG07"."ROTA_MAQUINA" ADD FOREIGN KEY ("ID_MAQUINA")
	  REFERENCES "AABDG07"."MAQUINA" ("ID_MAQUINA") ENABLE;
--------------------------------------------------------
--  Ref Constraints for Table ROTA_VIAG
--------------------------------------------------------

  ALTER TABLE "AABDG07"."ROTA_VIAG" ADD FOREIGN KEY ("ID_ROTA")
	  REFERENCES "AABDG07"."ROTA" ("ID_ROTA") ENABLE;
 
  ALTER TABLE "AABDG07"."ROTA_VIAG" ADD FOREIGN KEY ("ID_VIAGEM")
	  REFERENCES "AABDG07"."VIAGEM" ("ID_VIAGEM") ENABLE;
--------------------------------------------------------
--  Ref Constraints for Table STOCK_ARMAZEM
--------------------------------------------------------

  ALTER TABLE "AABDG07"."STOCK_ARMAZEM" ADD FOREIGN KEY ("ID_ARMAZEM")
	  REFERENCES "AABDG07"."ARMAZEM" ("ID_ARMAZEM") ENABLE;
 
  ALTER TABLE "AABDG07"."STOCK_ARMAZEM" ADD FOREIGN KEY ("ID_PRODUTO")
	  REFERENCES "AABDG07"."PRODUTO" ("ID_PRODUTO") ENABLE;
--------------------------------------------------------
--  Ref Constraints for Table VEICULO
--------------------------------------------------------

  ALTER TABLE "AABDG07"."VEICULO" ADD FOREIGN KEY ("ID_VIAGEM")
	  REFERENCES "AABDG07"."VIAGEM" ("ID_VIAGEM") ENABLE;
 
  ALTER TABLE "AABDG07"."VEICULO" ADD FOREIGN KEY ("ID_ARMAZEM")
	  REFERENCES "AABDG07"."ARMAZEM" ("ID_ARMAZEM") ENABLE;
--------------------------------------------------------
--  Ref Constraints for Table VENDA
--------------------------------------------------------

  ALTER TABLE "AABDG07"."VENDA" ADD FOREIGN KEY ("ID_MAQUINA")
	  REFERENCES "AABDG07"."MAQUINA" ("ID_MAQUINA") ENABLE;
--------------------------------------------------------
--  Ref Constraints for Table VIAGEM
--------------------------------------------------------

  ALTER TABLE "AABDG07"."VIAGEM" ADD CONSTRAINT "FK_VIAGEM_ARMAZEM" FOREIGN KEY ("ID_ARMAZEM")
	  REFERENCES "AABDG07"."ARMAZEM" ("ID_ARMAZEM") ENABLE;
 
  ALTER TABLE "AABDG07"."VIAGEM" ADD FOREIGN KEY ("ID_VISITA")
	  REFERENCES "AABDG07"."VISITA_MAQUINA" ("ID_VISITA") ENABLE;
 
  ALTER TABLE "AABDG07"."VIAGEM" ADD FOREIGN KEY ("ID_REAB")
	  REFERENCES "AABDG07"."REABASTECIMENTO" ("ID_REAB") ENABLE;
--------------------------------------------------------
--  Ref Constraints for Table VIAGEM_FUNC
--------------------------------------------------------

  ALTER TABLE "AABDG07"."VIAGEM_FUNC" ADD FOREIGN KEY ("ID_VIAGEM")
	  REFERENCES "AABDG07"."VIAGEM" ("ID_VIAGEM") ENABLE;
 
  ALTER TABLE "AABDG07"."VIAGEM_FUNC" ADD FOREIGN KEY ("ID_FUNC")
	  REFERENCES "AABDG07"."FUNCIONARIO" ("ID_FUNCIONARIO") ENABLE;
--------------------------------------------------------
--  Ref Constraints for Table VISITA_MAQUINA
--------------------------------------------------------

  ALTER TABLE "AABDG07"."VISITA_MAQUINA" ADD CONSTRAINT "FK_VM_MAQUINA" FOREIGN KEY ("ID_MAQUINA")
	  REFERENCES "AABDG07"."MAQUINA" ("ID_MAQUINA") ENABLE;
